[2025-04-30 16:38:33] local.ERROR: Please provide a valid cache path. {"exception":"[object] (InvalidArgumentException(code: 0): Please provide a valid cache path. at D:\\xampp\\htdocs\\Cars_ra\\vendor\\laravel\\framework\\src\\Illuminate\\View\\Compilers\\Compiler.php:66)
[stacktrace]
#0 D:\\xampp\\htdocs\\Cars_ra\\vendor\\laravel\\framework\\src\\Illuminate\\View\\ViewServiceProvider.php(96): Illuminate\\View\\Compilers\\Compiler->__construct(Object(Illuminate\\Filesystem\\Filesystem), false, '', true, 'php')
#1 D:\\xampp\\htdocs\\Cars_ra\\vendor\\laravel\\framework\\src\\Illuminate\\Container\\Container.php(885): Illuminate\\View\\ViewServiceProvider->Illuminate\\View\\{closure}(Object(Illuminate\\Foundation\\Application), Array)
#2 D:\\xampp\\htdocs\\Cars_ra\\vendor\\laravel\\framework\\src\\Illuminate\\Container\\Container.php(770): Illuminate\\Container\\Container->build(Object(Closure))
#3 D:\\xampp\\htdocs\\Cars_ra\\vendor\\laravel\\framework\\src\\Illuminate\\Foundation\\Application.php(881): Illuminate\\Container\\Container->resolve('blade.compiler', Array, true)
#4 D:\\xampp\\htdocs\\Cars_ra\\vendor\\laravel\\framework\\src\\Illuminate\\Container\\Container.php(706): Illuminate\\Foundation\\Application->resolve('blade.compiler', Array)
#5 D:\\xampp\\htdocs\\Cars_ra\\vendor\\laravel\\framework\\src\\Illuminate\\Foundation\\Application.php(866): Illuminate\\Container\\Container->make('blade.compiler', Array)
#6 D:\\xampp\\htdocs\\Cars_ra\\vendor\\laravel\\framework\\src\\Illuminate\\Container\\Container.php(1431): Illuminate\\Foundation\\Application->make('blade.compiler')
#7 D:\\xampp\\htdocs\\Cars_ra\\vendor\\livewire\\livewire\\src\\LivewireServiceProvider.php(276): Illuminate\\Container\\Container->offsetGet('blade.compiler')
#8 D:\\xampp\\htdocs\\Cars_ra\\vendor\\livewire\\livewire\\src\\LivewireServiceProvider.php(79): Livewire\\LivewireServiceProvider->registerTagCompiler()
#9 D:\\xampp\\htdocs\\Cars_ra\\vendor\\laravel\\framework\\src\\Illuminate\\Container\\BoundMethod.php(36): Livewire\\LivewireServiceProvider->boot()
#10 D:\\xampp\\htdocs\\Cars_ra\\vendor\\laravel\\framework\\src\\Illuminate\\Container\\Util.php(41): Illuminate\\Container\\BoundMethod::Illuminate\\Container\\{closure}()
#11 D:\\xampp\\htdocs\\Cars_ra\\vendor\\laravel\\framework\\src\\Illuminate\\Container\\BoundMethod.php(93): Illuminate\\Container\\Util::unwrapIfClosure(Object(Closure))
#12 D:\\xampp\\htdocs\\Cars_ra\\vendor\\laravel\\framework\\src\\Illuminate\\Container\\BoundMethod.php(35): Illuminate\\Container\\BoundMethod::callBoundMethod(Object(Illuminate\\Foundation\\Application), Array, Object(Closure))
#13 D:\\xampp\\htdocs\\Cars_ra\\vendor\\laravel\\framework\\src\\Illuminate\\Container\\Container.php(661): Illuminate\\Container\\BoundMethod::call(Object(Illuminate\\Foundation\\Application), Array, Array, NULL)
#14 D:\\xampp\\htdocs\\Cars_ra\\vendor\\laravel\\framework\\src\\Illuminate\\Foundation\\Application.php(954): Illuminate\\Container\\Container->call(Array)
#15 D:\\xampp\\htdocs\\Cars_ra\\vendor\\laravel\\framework\\src\\Illuminate\\Foundation\\Application.php(935): Illuminate\\Foundation\\Application->bootProvider(Object(Livewire\\LivewireServiceProvider))
#16 [internal function]: Illuminate\\Foundation\\Application->Illuminate\\Foundation\\{closure}(Object(Livewire\\LivewireServiceProvider), 21)
#17 D:\\xampp\\htdocs\\Cars_ra\\vendor\\laravel\\framework\\src\\Illuminate\\Foundation\\Application.php(934): array_walk(Array, Object(Closure))
#18 D:\\xampp\\htdocs\\Cars_ra\\vendor\\laravel\\framework\\src\\Illuminate\\Foundation\\Bootstrap\\BootProviders.php(17): Illuminate\\Foundation\\Application->boot()
#19 D:\\xampp\\htdocs\\Cars_ra\\vendor\\laravel\\framework\\src\\Illuminate\\Foundation\\Application.php(265): Illuminate\\Foundation\\Bootstrap\\BootProviders->bootstrap(Object(Illuminate\\Foundation\\Application))
#20 D:\\xampp\\htdocs\\Cars_ra\\vendor\\laravel\\framework\\src\\Illuminate\\Foundation\\Console\\Kernel.php(383): Illuminate\\Foundation\\Application->bootstrapWith(Array)
#21 D:\\xampp\\htdocs\\Cars_ra\\vendor\\laravel\\framework\\src\\Illuminate\\Foundation\\Console\\Kernel.php(153): Illuminate\\Foundation\\Console\\Kernel->bootstrap()
#22 D:\\xampp\\htdocs\\Cars_ra\\artisan(35): Illuminate\\Foundation\\Console\\Kernel->handle(Object(Symfony\\Component\\Console\\Input\\ArgvInput), Object(Symfony\\Component\\Console\\Output\\ConsoleOutput))
#23 {main}
"} 
[2025-04-30 16:38:38] local.ERROR: Please provide a valid cache path. {"exception":"[object] (InvalidArgumentException(code: 0): Please provide a valid cache path. at D:\\xampp\\htdocs\\Cars_ra\\vendor\\laravel\\framework\\src\\Illuminate\\View\\Compilers\\Compiler.php:66)
[stacktrace]
#0 D:\\xampp\\htdocs\\Cars_ra\\vendor\\laravel\\framework\\src\\Illuminate\\View\\ViewServiceProvider.php(96): Illuminate\\View\\Compilers\\Compiler->__construct(Object(Illuminate\\Filesystem\\Filesystem), false, '', true, 'php')
#1 D:\\xampp\\htdocs\\Cars_ra\\vendor\\laravel\\framework\\src\\Illuminate\\Container\\Container.php(885): Illuminate\\View\\ViewServiceProvider->Illuminate\\View\\{closure}(Object(Illuminate\\Foundation\\Application), Array)
#2 D:\\xampp\\htdocs\\Cars_ra\\vendor\\laravel\\framework\\src\\Illuminate\\Container\\Container.php(770): Illuminate\\Container\\Container->build(Object(Closure))
#3 D:\\xampp\\htdocs\\Cars_ra\\vendor\\laravel\\framework\\src\\Illuminate\\Foundation\\Application.php(881): Illuminate\\Container\\Container->resolve('blade.compiler', Array, true)
#4 D:\\xampp\\htdocs\\Cars_ra\\vendor\\laravel\\framework\\src\\Illuminate\\Container\\Container.php(706): Illuminate\\Foundation\\Application->resolve('blade.compiler', Array)
#5 D:\\xampp\\htdocs\\Cars_ra\\vendor\\laravel\\framework\\src\\Illuminate\\Foundation\\Application.php(866): Illuminate\\Container\\Container->make('blade.compiler', Array)
#6 D:\\xampp\\htdocs\\Cars_ra\\vendor\\laravel\\framework\\src\\Illuminate\\Container\\Container.php(1431): Illuminate\\Foundation\\Application->make('blade.compiler')
#7 D:\\xampp\\htdocs\\Cars_ra\\vendor\\livewire\\livewire\\src\\LivewireServiceProvider.php(276): Illuminate\\Container\\Container->offsetGet('blade.compiler')
#8 D:\\xampp\\htdocs\\Cars_ra\\vendor\\livewire\\livewire\\src\\LivewireServiceProvider.php(79): Livewire\\LivewireServiceProvider->registerTagCompiler()
#9 D:\\xampp\\htdocs\\Cars_ra\\vendor\\laravel\\framework\\src\\Illuminate\\Container\\BoundMethod.php(36): Livewire\\LivewireServiceProvider->boot()
#10 D:\\xampp\\htdocs\\Cars_ra\\vendor\\laravel\\framework\\src\\Illuminate\\Container\\Util.php(41): Illuminate\\Container\\BoundMethod::Illuminate\\Container\\{closure}()
#11 D:\\xampp\\htdocs\\Cars_ra\\vendor\\laravel\\framework\\src\\Illuminate\\Container\\BoundMethod.php(93): Illuminate\\Container\\Util::unwrapIfClosure(Object(Closure))
#12 D:\\xampp\\htdocs\\Cars_ra\\vendor\\laravel\\framework\\src\\Illuminate\\Container\\BoundMethod.php(35): Illuminate\\Container\\BoundMethod::callBoundMethod(Object(Illuminate\\Foundation\\Application), Array, Object(Closure))
#13 D:\\xampp\\htdocs\\Cars_ra\\vendor\\laravel\\framework\\src\\Illuminate\\Container\\Container.php(661): Illuminate\\Container\\BoundMethod::call(Object(Illuminate\\Foundation\\Application), Array, Array, NULL)
#14 D:\\xampp\\htdocs\\Cars_ra\\vendor\\laravel\\framework\\src\\Illuminate\\Foundation\\Application.php(954): Illuminate\\Container\\Container->call(Array)
#15 D:\\xampp\\htdocs\\Cars_ra\\vendor\\laravel\\framework\\src\\Illuminate\\Foundation\\Application.php(935): Illuminate\\Foundation\\Application->bootProvider(Object(Livewire\\LivewireServiceProvider))
#16 [internal function]: Illuminate\\Foundation\\Application->Illuminate\\Foundation\\{closure}(Object(Livewire\\LivewireServiceProvider), 22)
#17 D:\\xampp\\htdocs\\Cars_ra\\vendor\\laravel\\framework\\src\\Illuminate\\Foundation\\Application.php(934): array_walk(Array, Object(Closure))
#18 D:\\xampp\\htdocs\\Cars_ra\\vendor\\laravel\\framework\\src\\Illuminate\\Foundation\\Bootstrap\\BootProviders.php(17): Illuminate\\Foundation\\Application->boot()
#19 D:\\xampp\\htdocs\\Cars_ra\\vendor\\laravel\\framework\\src\\Illuminate\\Foundation\\Application.php(265): Illuminate\\Foundation\\Bootstrap\\BootProviders->bootstrap(Object(Illuminate\\Foundation\\Application))
#20 D:\\xampp\\htdocs\\Cars_ra\\vendor\\laravel\\framework\\src\\Illuminate\\Foundation\\Console\\Kernel.php(383): Illuminate\\Foundation\\Application->bootstrapWith(Array)
#21 D:\\xampp\\htdocs\\Cars_ra\\vendor\\laravel\\framework\\src\\Illuminate\\Foundation\\Console\\Kernel.php(153): Illuminate\\Foundation\\Console\\Kernel->bootstrap()
#22 Command line code(1): Illuminate\\Foundation\\Console\\Kernel->handle(Object(Symfony\\Component\\Console\\Input\\ArgvInput), Object(Symfony\\Component\\Console\\Output\\ConsoleOutput))
#23 {main}
"} 
[2025-04-30 16:38:39] local.ERROR: Please provide a valid cache path. {"exception":"[object] (InvalidArgumentException(code: 0): Please provide a valid cache path. at D:\\xampp\\htdocs\\Cars_ra\\vendor\\laravel\\framework\\src\\Illuminate\\View\\Compilers\\Compiler.php:66)
[stacktrace]
#0 D:\\xampp\\htdocs\\Cars_ra\\vendor\\laravel\\framework\\src\\Illuminate\\View\\ViewServiceProvider.php(96): Illuminate\\View\\Compilers\\Compiler->__construct(Object(Illuminate\\Filesystem\\Filesystem), false, '', true, 'php')
#1 D:\\xampp\\htdocs\\Cars_ra\\vendor\\laravel\\framework\\src\\Illuminate\\Container\\Container.php(885): Illuminate\\View\\ViewServiceProvider->Illuminate\\View\\{closure}(Object(Illuminate\\Foundation\\Application), Array)
#2 D:\\xampp\\htdocs\\Cars_ra\\vendor\\laravel\\framework\\src\\Illuminate\\Container\\Container.php(770): Illuminate\\Container\\Container->build(Object(Closure))
#3 D:\\xampp\\htdocs\\Cars_ra\\vendor\\laravel\\framework\\src\\Illuminate\\Foundation\\Application.php(881): Illuminate\\Container\\Container->resolve('blade.compiler', Array, true)
#4 D:\\xampp\\htdocs\\Cars_ra\\vendor\\laravel\\framework\\src\\Illuminate\\Container\\Container.php(706): Illuminate\\Foundation\\Application->resolve('blade.compiler', Array)
#5 D:\\xampp\\htdocs\\Cars_ra\\vendor\\laravel\\framework\\src\\Illuminate\\Foundation\\Application.php(866): Illuminate\\Container\\Container->make('blade.compiler', Array)
#6 D:\\xampp\\htdocs\\Cars_ra\\vendor\\laravel\\framework\\src\\Illuminate\\Container\\Container.php(1431): Illuminate\\Foundation\\Application->make('blade.compiler')
#7 D:\\xampp\\htdocs\\Cars_ra\\vendor\\livewire\\livewire\\src\\LivewireServiceProvider.php(276): Illuminate\\Container\\Container->offsetGet('blade.compiler')
#8 D:\\xampp\\htdocs\\Cars_ra\\vendor\\livewire\\livewire\\src\\LivewireServiceProvider.php(79): Livewire\\LivewireServiceProvider->registerTagCompiler()
#9 D:\\xampp\\htdocs\\Cars_ra\\vendor\\laravel\\framework\\src\\Illuminate\\Container\\BoundMethod.php(36): Livewire\\LivewireServiceProvider->boot()
#10 D:\\xampp\\htdocs\\Cars_ra\\vendor\\laravel\\framework\\src\\Illuminate\\Container\\Util.php(41): Illuminate\\Container\\BoundMethod::Illuminate\\Container\\{closure}()
#11 D:\\xampp\\htdocs\\Cars_ra\\vendor\\laravel\\framework\\src\\Illuminate\\Container\\BoundMethod.php(93): Illuminate\\Container\\Util::unwrapIfClosure(Object(Closure))
#12 D:\\xampp\\htdocs\\Cars_ra\\vendor\\laravel\\framework\\src\\Illuminate\\Container\\BoundMethod.php(35): Illuminate\\Container\\BoundMethod::callBoundMethod(Object(Illuminate\\Foundation\\Application), Array, Object(Closure))
#13 D:\\xampp\\htdocs\\Cars_ra\\vendor\\laravel\\framework\\src\\Illuminate\\Container\\Container.php(661): Illuminate\\Container\\BoundMethod::call(Object(Illuminate\\Foundation\\Application), Array, Array, NULL)
#14 D:\\xampp\\htdocs\\Cars_ra\\vendor\\laravel\\framework\\src\\Illuminate\\Foundation\\Application.php(954): Illuminate\\Container\\Container->call(Array)
#15 D:\\xampp\\htdocs\\Cars_ra\\vendor\\laravel\\framework\\src\\Illuminate\\Foundation\\Application.php(935): Illuminate\\Foundation\\Application->bootProvider(Object(Livewire\\LivewireServiceProvider))
#16 [internal function]: Illuminate\\Foundation\\Application->Illuminate\\Foundation\\{closure}(Object(Livewire\\LivewireServiceProvider), 22)
#17 D:\\xampp\\htdocs\\Cars_ra\\vendor\\laravel\\framework\\src\\Illuminate\\Foundation\\Application.php(934): array_walk(Array, Object(Closure))
#18 D:\\xampp\\htdocs\\Cars_ra\\vendor\\laravel\\framework\\src\\Illuminate\\Foundation\\Bootstrap\\BootProviders.php(17): Illuminate\\Foundation\\Application->boot()
#19 D:\\xampp\\htdocs\\Cars_ra\\vendor\\laravel\\framework\\src\\Illuminate\\Foundation\\Application.php(265): Illuminate\\Foundation\\Bootstrap\\BootProviders->bootstrap(Object(Illuminate\\Foundation\\Application))
#20 D:\\xampp\\htdocs\\Cars_ra\\vendor\\laravel\\framework\\src\\Illuminate\\Foundation\\Console\\Kernel.php(383): Illuminate\\Foundation\\Application->bootstrapWith(Array)
#21 D:\\xampp\\htdocs\\Cars_ra\\vendor\\laravel\\framework\\src\\Illuminate\\Foundation\\Console\\Kernel.php(153): Illuminate\\Foundation\\Console\\Kernel->bootstrap()
#22 Command line code(1): Illuminate\\Foundation\\Console\\Kernel->handle(Object(Symfony\\Component\\Console\\Input\\ArgvInput), Object(Symfony\\Component\\Console\\Output\\ConsoleOutput))
#23 {main}
"} 
[2025-04-30 16:38:53] local.ERROR: Please provide a valid cache path. {"exception":"[object] (InvalidArgumentException(code: 0): Please provide a valid cache path. at D:\\xampp\\htdocs\\Cars_ra\\vendor\\laravel\\framework\\src\\Illuminate\\View\\Compilers\\Compiler.php:66)
[stacktrace]
#0 D:\\xampp\\htdocs\\Cars_ra\\vendor\\laravel\\framework\\src\\Illuminate\\View\\ViewServiceProvider.php(96): Illuminate\\View\\Compilers\\Compiler->__construct(Object(Illuminate\\Filesystem\\Filesystem), false, '', true, 'php')
#1 D:\\xampp\\htdocs\\Cars_ra\\vendor\\laravel\\framework\\src\\Illuminate\\Container\\Container.php(885): Illuminate\\View\\ViewServiceProvider->Illuminate\\View\\{closure}(Object(Illuminate\\Foundation\\Application), Array)
#2 D:\\xampp\\htdocs\\Cars_ra\\vendor\\laravel\\framework\\src\\Illuminate\\Container\\Container.php(770): Illuminate\\Container\\Container->build(Object(Closure))
#3 D:\\xampp\\htdocs\\Cars_ra\\vendor\\laravel\\framework\\src\\Illuminate\\Foundation\\Application.php(881): Illuminate\\Container\\Container->resolve('blade.compiler', Array, true)
#4 D:\\xampp\\htdocs\\Cars_ra\\vendor\\laravel\\framework\\src\\Illuminate\\Container\\Container.php(706): Illuminate\\Foundation\\Application->resolve('blade.compiler', Array)
#5 D:\\xampp\\htdocs\\Cars_ra\\vendor\\laravel\\framework\\src\\Illuminate\\Foundation\\Application.php(866): Illuminate\\Container\\Container->make('blade.compiler', Array)
#6 D:\\xampp\\htdocs\\Cars_ra\\vendor\\laravel\\framework\\src\\Illuminate\\Container\\Container.php(1431): Illuminate\\Foundation\\Application->make('blade.compiler')
#7 D:\\xampp\\htdocs\\Cars_ra\\vendor\\livewire\\livewire\\src\\LivewireServiceProvider.php(276): Illuminate\\Container\\Container->offsetGet('blade.compiler')
#8 D:\\xampp\\htdocs\\Cars_ra\\vendor\\livewire\\livewire\\src\\LivewireServiceProvider.php(79): Livewire\\LivewireServiceProvider->registerTagCompiler()
#9 D:\\xampp\\htdocs\\Cars_ra\\vendor\\laravel\\framework\\src\\Illuminate\\Container\\BoundMethod.php(36): Livewire\\LivewireServiceProvider->boot()
#10 D:\\xampp\\htdocs\\Cars_ra\\vendor\\laravel\\framework\\src\\Illuminate\\Container\\Util.php(41): Illuminate\\Container\\BoundMethod::Illuminate\\Container\\{closure}()
#11 D:\\xampp\\htdocs\\Cars_ra\\vendor\\laravel\\framework\\src\\Illuminate\\Container\\BoundMethod.php(93): Illuminate\\Container\\Util::unwrapIfClosure(Object(Closure))
#12 D:\\xampp\\htdocs\\Cars_ra\\vendor\\laravel\\framework\\src\\Illuminate\\Container\\BoundMethod.php(35): Illuminate\\Container\\BoundMethod::callBoundMethod(Object(Illuminate\\Foundation\\Application), Array, Object(Closure))
#13 D:\\xampp\\htdocs\\Cars_ra\\vendor\\laravel\\framework\\src\\Illuminate\\Container\\Container.php(661): Illuminate\\Container\\BoundMethod::call(Object(Illuminate\\Foundation\\Application), Array, Array, NULL)
#14 D:\\xampp\\htdocs\\Cars_ra\\vendor\\laravel\\framework\\src\\Illuminate\\Foundation\\Application.php(954): Illuminate\\Container\\Container->call(Array)
#15 D:\\xampp\\htdocs\\Cars_ra\\vendor\\laravel\\framework\\src\\Illuminate\\Foundation\\Application.php(935): Illuminate\\Foundation\\Application->bootProvider(Object(Livewire\\LivewireServiceProvider))
#16 [internal function]: Illuminate\\Foundation\\Application->Illuminate\\Foundation\\{closure}(Object(Livewire\\LivewireServiceProvider), 22)
#17 D:\\xampp\\htdocs\\Cars_ra\\vendor\\laravel\\framework\\src\\Illuminate\\Foundation\\Application.php(934): array_walk(Array, Object(Closure))
#18 D:\\xampp\\htdocs\\Cars_ra\\vendor\\laravel\\framework\\src\\Illuminate\\Foundation\\Bootstrap\\BootProviders.php(17): Illuminate\\Foundation\\Application->boot()
#19 D:\\xampp\\htdocs\\Cars_ra\\vendor\\laravel\\framework\\src\\Illuminate\\Foundation\\Application.php(265): Illuminate\\Foundation\\Bootstrap\\BootProviders->bootstrap(Object(Illuminate\\Foundation\\Application))
#20 D:\\xampp\\htdocs\\Cars_ra\\vendor\\laravel\\framework\\src\\Illuminate\\Foundation\\Console\\Kernel.php(383): Illuminate\\Foundation\\Application->bootstrapWith(Array)
#21 D:\\xampp\\htdocs\\Cars_ra\\vendor\\laravel\\framework\\src\\Illuminate\\Foundation\\Console\\Kernel.php(153): Illuminate\\Foundation\\Console\\Kernel->bootstrap()
#22 Command line code(1): Illuminate\\Foundation\\Console\\Kernel->handle(Object(Symfony\\Component\\Console\\Input\\ArgvInput), Object(Symfony\\Component\\Console\\Output\\ConsoleOutput))
#23 {main}
"} 
[2025-04-30 16:38:53] local.ERROR: Please provide a valid cache path. {"exception":"[object] (InvalidArgumentException(code: 0): Please provide a valid cache path. at D:\\xampp\\htdocs\\Cars_ra\\vendor\\laravel\\framework\\src\\Illuminate\\View\\Compilers\\Compiler.php:66)
[stacktrace]
#0 D:\\xampp\\htdocs\\Cars_ra\\vendor\\laravel\\framework\\src\\Illuminate\\View\\ViewServiceProvider.php(96): Illuminate\\View\\Compilers\\Compiler->__construct(Object(Illuminate\\Filesystem\\Filesystem), false, '', true, 'php')
#1 D:\\xampp\\htdocs\\Cars_ra\\vendor\\laravel\\framework\\src\\Illuminate\\Container\\Container.php(885): Illuminate\\View\\ViewServiceProvider->Illuminate\\View\\{closure}(Object(Illuminate\\Foundation\\Application), Array)
#2 D:\\xampp\\htdocs\\Cars_ra\\vendor\\laravel\\framework\\src\\Illuminate\\Container\\Container.php(770): Illuminate\\Container\\Container->build(Object(Closure))
#3 D:\\xampp\\htdocs\\Cars_ra\\vendor\\laravel\\framework\\src\\Illuminate\\Foundation\\Application.php(881): Illuminate\\Container\\Container->resolve('blade.compiler', Array, true)
#4 D:\\xampp\\htdocs\\Cars_ra\\vendor\\laravel\\framework\\src\\Illuminate\\Container\\Container.php(706): Illuminate\\Foundation\\Application->resolve('blade.compiler', Array)
#5 D:\\xampp\\htdocs\\Cars_ra\\vendor\\laravel\\framework\\src\\Illuminate\\Foundation\\Application.php(866): Illuminate\\Container\\Container->make('blade.compiler', Array)
#6 D:\\xampp\\htdocs\\Cars_ra\\vendor\\laravel\\framework\\src\\Illuminate\\Container\\Container.php(1431): Illuminate\\Foundation\\Application->make('blade.compiler')
#7 D:\\xampp\\htdocs\\Cars_ra\\vendor\\livewire\\livewire\\src\\LivewireServiceProvider.php(276): Illuminate\\Container\\Container->offsetGet('blade.compiler')
#8 D:\\xampp\\htdocs\\Cars_ra\\vendor\\livewire\\livewire\\src\\LivewireServiceProvider.php(79): Livewire\\LivewireServiceProvider->registerTagCompiler()
#9 D:\\xampp\\htdocs\\Cars_ra\\vendor\\laravel\\framework\\src\\Illuminate\\Container\\BoundMethod.php(36): Livewire\\LivewireServiceProvider->boot()
#10 D:\\xampp\\htdocs\\Cars_ra\\vendor\\laravel\\framework\\src\\Illuminate\\Container\\Util.php(41): Illuminate\\Container\\BoundMethod::Illuminate\\Container\\{closure}()
#11 D:\\xampp\\htdocs\\Cars_ra\\vendor\\laravel\\framework\\src\\Illuminate\\Container\\BoundMethod.php(93): Illuminate\\Container\\Util::unwrapIfClosure(Object(Closure))
#12 D:\\xampp\\htdocs\\Cars_ra\\vendor\\laravel\\framework\\src\\Illuminate\\Container\\BoundMethod.php(35): Illuminate\\Container\\BoundMethod::callBoundMethod(Object(Illuminate\\Foundation\\Application), Array, Object(Closure))
#13 D:\\xampp\\htdocs\\Cars_ra\\vendor\\laravel\\framework\\src\\Illuminate\\Container\\Container.php(661): Illuminate\\Container\\BoundMethod::call(Object(Illuminate\\Foundation\\Application), Array, Array, NULL)
#14 D:\\xampp\\htdocs\\Cars_ra\\vendor\\laravel\\framework\\src\\Illuminate\\Foundation\\Application.php(954): Illuminate\\Container\\Container->call(Array)
#15 D:\\xampp\\htdocs\\Cars_ra\\vendor\\laravel\\framework\\src\\Illuminate\\Foundation\\Application.php(935): Illuminate\\Foundation\\Application->bootProvider(Object(Livewire\\LivewireServiceProvider))
#16 [internal function]: Illuminate\\Foundation\\Application->Illuminate\\Foundation\\{closure}(Object(Livewire\\LivewireServiceProvider), 22)
#17 D:\\xampp\\htdocs\\Cars_ra\\vendor\\laravel\\framework\\src\\Illuminate\\Foundation\\Application.php(934): array_walk(Array, Object(Closure))
#18 D:\\xampp\\htdocs\\Cars_ra\\vendor\\laravel\\framework\\src\\Illuminate\\Foundation\\Bootstrap\\BootProviders.php(17): Illuminate\\Foundation\\Application->boot()
#19 D:\\xampp\\htdocs\\Cars_ra\\vendor\\laravel\\framework\\src\\Illuminate\\Foundation\\Application.php(265): Illuminate\\Foundation\\Bootstrap\\BootProviders->bootstrap(Object(Illuminate\\Foundation\\Application))
#20 D:\\xampp\\htdocs\\Cars_ra\\vendor\\laravel\\framework\\src\\Illuminate\\Foundation\\Console\\Kernel.php(383): Illuminate\\Foundation\\Application->bootstrapWith(Array)
#21 D:\\xampp\\htdocs\\Cars_ra\\vendor\\laravel\\framework\\src\\Illuminate\\Foundation\\Console\\Kernel.php(153): Illuminate\\Foundation\\Console\\Kernel->bootstrap()
#22 Command line code(1): Illuminate\\Foundation\\Console\\Kernel->handle(Object(Symfony\\Component\\Console\\Input\\ArgvInput), Object(Symfony\\Component\\Console\\Output\\ConsoleOutput))
#23 {main}
"} 
[2025-04-30 16:39:53] local.ERROR: Please provide a valid cache path. {"exception":"[object] (InvalidArgumentException(code: 0): Please provide a valid cache path. at D:\\xampp\\htdocs\\Cars_ra\\vendor\\laravel\\framework\\src\\Illuminate\\View\\Compilers\\Compiler.php:66)
[stacktrace]
#0 D:\\xampp\\htdocs\\Cars_ra\\vendor\\laravel\\framework\\src\\Illuminate\\View\\ViewServiceProvider.php(96): Illuminate\\View\\Compilers\\Compiler->__construct(Object(Illuminate\\Filesystem\\Filesystem), false, '', true, 'php')
#1 D:\\xampp\\htdocs\\Cars_ra\\vendor\\laravel\\framework\\src\\Illuminate\\Container\\Container.php(885): Illuminate\\View\\ViewServiceProvider->Illuminate\\View\\{closure}(Object(Illuminate\\Foundation\\Application), Array)
#2 D:\\xampp\\htdocs\\Cars_ra\\vendor\\laravel\\framework\\src\\Illuminate\\Container\\Container.php(770): Illuminate\\Container\\Container->build(Object(Closure))
#3 D:\\xampp\\htdocs\\Cars_ra\\vendor\\laravel\\framework\\src\\Illuminate\\Foundation\\Application.php(881): Illuminate\\Container\\Container->resolve('blade.compiler', Array, true)
#4 D:\\xampp\\htdocs\\Cars_ra\\vendor\\laravel\\framework\\src\\Illuminate\\Container\\Container.php(706): Illuminate\\Foundation\\Application->resolve('blade.compiler', Array)
#5 D:\\xampp\\htdocs\\Cars_ra\\vendor\\laravel\\framework\\src\\Illuminate\\Foundation\\Application.php(866): Illuminate\\Container\\Container->make('blade.compiler', Array)
#6 D:\\xampp\\htdocs\\Cars_ra\\vendor\\laravel\\framework\\src\\Illuminate\\Container\\Container.php(1431): Illuminate\\Foundation\\Application->make('blade.compiler')
#7 D:\\xampp\\htdocs\\Cars_ra\\vendor\\livewire\\livewire\\src\\LivewireServiceProvider.php(276): Illuminate\\Container\\Container->offsetGet('blade.compiler')
#8 D:\\xampp\\htdocs\\Cars_ra\\vendor\\livewire\\livewire\\src\\LivewireServiceProvider.php(79): Livewire\\LivewireServiceProvider->registerTagCompiler()
#9 D:\\xampp\\htdocs\\Cars_ra\\vendor\\laravel\\framework\\src\\Illuminate\\Container\\BoundMethod.php(36): Livewire\\LivewireServiceProvider->boot()
#10 D:\\xampp\\htdocs\\Cars_ra\\vendor\\laravel\\framework\\src\\Illuminate\\Container\\Util.php(41): Illuminate\\Container\\BoundMethod::Illuminate\\Container\\{closure}()
#11 D:\\xampp\\htdocs\\Cars_ra\\vendor\\laravel\\framework\\src\\Illuminate\\Container\\BoundMethod.php(93): Illuminate\\Container\\Util::unwrapIfClosure(Object(Closure))
#12 D:\\xampp\\htdocs\\Cars_ra\\vendor\\laravel\\framework\\src\\Illuminate\\Container\\BoundMethod.php(35): Illuminate\\Container\\BoundMethod::callBoundMethod(Object(Illuminate\\Foundation\\Application), Array, Object(Closure))
#13 D:\\xampp\\htdocs\\Cars_ra\\vendor\\laravel\\framework\\src\\Illuminate\\Container\\Container.php(661): Illuminate\\Container\\BoundMethod::call(Object(Illuminate\\Foundation\\Application), Array, Array, NULL)
#14 D:\\xampp\\htdocs\\Cars_ra\\vendor\\laravel\\framework\\src\\Illuminate\\Foundation\\Application.php(954): Illuminate\\Container\\Container->call(Array)
#15 D:\\xampp\\htdocs\\Cars_ra\\vendor\\laravel\\framework\\src\\Illuminate\\Foundation\\Application.php(935): Illuminate\\Foundation\\Application->bootProvider(Object(Livewire\\LivewireServiceProvider))
#16 [internal function]: Illuminate\\Foundation\\Application->Illuminate\\Foundation\\{closure}(Object(Livewire\\LivewireServiceProvider), 22)
#17 D:\\xampp\\htdocs\\Cars_ra\\vendor\\laravel\\framework\\src\\Illuminate\\Foundation\\Application.php(934): array_walk(Array, Object(Closure))
#18 D:\\xampp\\htdocs\\Cars_ra\\vendor\\laravel\\framework\\src\\Illuminate\\Foundation\\Bootstrap\\BootProviders.php(17): Illuminate\\Foundation\\Application->boot()
#19 D:\\xampp\\htdocs\\Cars_ra\\vendor\\laravel\\framework\\src\\Illuminate\\Foundation\\Application.php(265): Illuminate\\Foundation\\Bootstrap\\BootProviders->bootstrap(Object(Illuminate\\Foundation\\Application))
#20 D:\\xampp\\htdocs\\Cars_ra\\vendor\\laravel\\framework\\src\\Illuminate\\Foundation\\Console\\Kernel.php(383): Illuminate\\Foundation\\Application->bootstrapWith(Array)
#21 D:\\xampp\\htdocs\\Cars_ra\\vendor\\laravel\\framework\\src\\Illuminate\\Foundation\\Console\\Kernel.php(153): Illuminate\\Foundation\\Console\\Kernel->bootstrap()
#22 Command line code(1): Illuminate\\Foundation\\Console\\Kernel->handle(Object(Symfony\\Component\\Console\\Input\\ArgvInput), Object(Symfony\\Component\\Console\\Output\\ConsoleOutput))
#23 {main}
"} 
[2025-04-30 16:39:53] local.ERROR: Please provide a valid cache path. {"exception":"[object] (InvalidArgumentException(code: 0): Please provide a valid cache path. at D:\\xampp\\htdocs\\Cars_ra\\vendor\\laravel\\framework\\src\\Illuminate\\View\\Compilers\\Compiler.php:66)
[stacktrace]
#0 D:\\xampp\\htdocs\\Cars_ra\\vendor\\laravel\\framework\\src\\Illuminate\\View\\ViewServiceProvider.php(96): Illuminate\\View\\Compilers\\Compiler->__construct(Object(Illuminate\\Filesystem\\Filesystem), false, '', true, 'php')
#1 D:\\xampp\\htdocs\\Cars_ra\\vendor\\laravel\\framework\\src\\Illuminate\\Container\\Container.php(885): Illuminate\\View\\ViewServiceProvider->Illuminate\\View\\{closure}(Object(Illuminate\\Foundation\\Application), Array)
#2 D:\\xampp\\htdocs\\Cars_ra\\vendor\\laravel\\framework\\src\\Illuminate\\Container\\Container.php(770): Illuminate\\Container\\Container->build(Object(Closure))
#3 D:\\xampp\\htdocs\\Cars_ra\\vendor\\laravel\\framework\\src\\Illuminate\\Foundation\\Application.php(881): Illuminate\\Container\\Container->resolve('blade.compiler', Array, true)
#4 D:\\xampp\\htdocs\\Cars_ra\\vendor\\laravel\\framework\\src\\Illuminate\\Container\\Container.php(706): Illuminate\\Foundation\\Application->resolve('blade.compiler', Array)
#5 D:\\xampp\\htdocs\\Cars_ra\\vendor\\laravel\\framework\\src\\Illuminate\\Foundation\\Application.php(866): Illuminate\\Container\\Container->make('blade.compiler', Array)
#6 D:\\xampp\\htdocs\\Cars_ra\\vendor\\laravel\\framework\\src\\Illuminate\\Container\\Container.php(1431): Illuminate\\Foundation\\Application->make('blade.compiler')
#7 D:\\xampp\\htdocs\\Cars_ra\\vendor\\livewire\\livewire\\src\\LivewireServiceProvider.php(276): Illuminate\\Container\\Container->offsetGet('blade.compiler')
#8 D:\\xampp\\htdocs\\Cars_ra\\vendor\\livewire\\livewire\\src\\LivewireServiceProvider.php(79): Livewire\\LivewireServiceProvider->registerTagCompiler()
#9 D:\\xampp\\htdocs\\Cars_ra\\vendor\\laravel\\framework\\src\\Illuminate\\Container\\BoundMethod.php(36): Livewire\\LivewireServiceProvider->boot()
#10 D:\\xampp\\htdocs\\Cars_ra\\vendor\\laravel\\framework\\src\\Illuminate\\Container\\Util.php(41): Illuminate\\Container\\BoundMethod::Illuminate\\Container\\{closure}()
#11 D:\\xampp\\htdocs\\Cars_ra\\vendor\\laravel\\framework\\src\\Illuminate\\Container\\BoundMethod.php(93): Illuminate\\Container\\Util::unwrapIfClosure(Object(Closure))
#12 D:\\xampp\\htdocs\\Cars_ra\\vendor\\laravel\\framework\\src\\Illuminate\\Container\\BoundMethod.php(35): Illuminate\\Container\\BoundMethod::callBoundMethod(Object(Illuminate\\Foundation\\Application), Array, Object(Closure))
#13 D:\\xampp\\htdocs\\Cars_ra\\vendor\\laravel\\framework\\src\\Illuminate\\Container\\Container.php(661): Illuminate\\Container\\BoundMethod::call(Object(Illuminate\\Foundation\\Application), Array, Array, NULL)
#14 D:\\xampp\\htdocs\\Cars_ra\\vendor\\laravel\\framework\\src\\Illuminate\\Foundation\\Application.php(954): Illuminate\\Container\\Container->call(Array)
#15 D:\\xampp\\htdocs\\Cars_ra\\vendor\\laravel\\framework\\src\\Illuminate\\Foundation\\Application.php(935): Illuminate\\Foundation\\Application->bootProvider(Object(Livewire\\LivewireServiceProvider))
#16 [internal function]: Illuminate\\Foundation\\Application->Illuminate\\Foundation\\{closure}(Object(Livewire\\LivewireServiceProvider), 22)
#17 D:\\xampp\\htdocs\\Cars_ra\\vendor\\laravel\\framework\\src\\Illuminate\\Foundation\\Application.php(934): array_walk(Array, Object(Closure))
#18 D:\\xampp\\htdocs\\Cars_ra\\vendor\\laravel\\framework\\src\\Illuminate\\Foundation\\Bootstrap\\BootProviders.php(17): Illuminate\\Foundation\\Application->boot()
#19 D:\\xampp\\htdocs\\Cars_ra\\vendor\\laravel\\framework\\src\\Illuminate\\Foundation\\Application.php(265): Illuminate\\Foundation\\Bootstrap\\BootProviders->bootstrap(Object(Illuminate\\Foundation\\Application))
#20 D:\\xampp\\htdocs\\Cars_ra\\vendor\\laravel\\framework\\src\\Illuminate\\Foundation\\Console\\Kernel.php(383): Illuminate\\Foundation\\Application->bootstrapWith(Array)
#21 D:\\xampp\\htdocs\\Cars_ra\\vendor\\laravel\\framework\\src\\Illuminate\\Foundation\\Console\\Kernel.php(153): Illuminate\\Foundation\\Console\\Kernel->bootstrap()
#22 Command line code(1): Illuminate\\Foundation\\Console\\Kernel->handle(Object(Symfony\\Component\\Console\\Input\\ArgvInput), Object(Symfony\\Component\\Console\\Output\\ConsoleOutput))
#23 {main}
"} 
[2025-04-30 16:40:20] local.ERROR: Please provide a valid cache path. {"exception":"[object] (InvalidArgumentException(code: 0): Please provide a valid cache path. at D:\\xampp\\htdocs\\Cars_ra\\vendor\\laravel\\framework\\src\\Illuminate\\View\\Compilers\\Compiler.php:66)
[stacktrace]
#0 D:\\xampp\\htdocs\\Cars_ra\\vendor\\laravel\\framework\\src\\Illuminate\\View\\ViewServiceProvider.php(96): Illuminate\\View\\Compilers\\Compiler->__construct(Object(Illuminate\\Filesystem\\Filesystem), false, '', true, 'php')
#1 D:\\xampp\\htdocs\\Cars_ra\\vendor\\laravel\\framework\\src\\Illuminate\\Container\\Container.php(885): Illuminate\\View\\ViewServiceProvider->Illuminate\\View\\{closure}(Object(Illuminate\\Foundation\\Application), Array)
#2 D:\\xampp\\htdocs\\Cars_ra\\vendor\\laravel\\framework\\src\\Illuminate\\Container\\Container.php(770): Illuminate\\Container\\Container->build(Object(Closure))
#3 D:\\xampp\\htdocs\\Cars_ra\\vendor\\laravel\\framework\\src\\Illuminate\\Foundation\\Application.php(881): Illuminate\\Container\\Container->resolve('blade.compiler', Array, true)
#4 D:\\xampp\\htdocs\\Cars_ra\\vendor\\laravel\\framework\\src\\Illuminate\\Container\\Container.php(706): Illuminate\\Foundation\\Application->resolve('blade.compiler', Array)
#5 D:\\xampp\\htdocs\\Cars_ra\\vendor\\laravel\\framework\\src\\Illuminate\\Foundation\\Application.php(866): Illuminate\\Container\\Container->make('blade.compiler', Array)
#6 D:\\xampp\\htdocs\\Cars_ra\\vendor\\laravel\\framework\\src\\Illuminate\\Container\\Container.php(1431): Illuminate\\Foundation\\Application->make('blade.compiler')
#7 D:\\xampp\\htdocs\\Cars_ra\\vendor\\livewire\\livewire\\src\\LivewireServiceProvider.php(276): Illuminate\\Container\\Container->offsetGet('blade.compiler')
#8 D:\\xampp\\htdocs\\Cars_ra\\vendor\\livewire\\livewire\\src\\LivewireServiceProvider.php(79): Livewire\\LivewireServiceProvider->registerTagCompiler()
#9 D:\\xampp\\htdocs\\Cars_ra\\vendor\\laravel\\framework\\src\\Illuminate\\Container\\BoundMethod.php(36): Livewire\\LivewireServiceProvider->boot()
#10 D:\\xampp\\htdocs\\Cars_ra\\vendor\\laravel\\framework\\src\\Illuminate\\Container\\Util.php(41): Illuminate\\Container\\BoundMethod::Illuminate\\Container\\{closure}()
#11 D:\\xampp\\htdocs\\Cars_ra\\vendor\\laravel\\framework\\src\\Illuminate\\Container\\BoundMethod.php(93): Illuminate\\Container\\Util::unwrapIfClosure(Object(Closure))
#12 D:\\xampp\\htdocs\\Cars_ra\\vendor\\laravel\\framework\\src\\Illuminate\\Container\\BoundMethod.php(35): Illuminate\\Container\\BoundMethod::callBoundMethod(Object(Illuminate\\Foundation\\Application), Array, Object(Closure))
#13 D:\\xampp\\htdocs\\Cars_ra\\vendor\\laravel\\framework\\src\\Illuminate\\Container\\Container.php(661): Illuminate\\Container\\BoundMethod::call(Object(Illuminate\\Foundation\\Application), Array, Array, NULL)
#14 D:\\xampp\\htdocs\\Cars_ra\\vendor\\laravel\\framework\\src\\Illuminate\\Foundation\\Application.php(954): Illuminate\\Container\\Container->call(Array)
#15 D:\\xampp\\htdocs\\Cars_ra\\vendor\\laravel\\framework\\src\\Illuminate\\Foundation\\Application.php(935): Illuminate\\Foundation\\Application->bootProvider(Object(Livewire\\LivewireServiceProvider))
#16 [internal function]: Illuminate\\Foundation\\Application->Illuminate\\Foundation\\{closure}(Object(Livewire\\LivewireServiceProvider), 21)
#17 D:\\xampp\\htdocs\\Cars_ra\\vendor\\laravel\\framework\\src\\Illuminate\\Foundation\\Application.php(934): array_walk(Array, Object(Closure))
#18 D:\\xampp\\htdocs\\Cars_ra\\vendor\\laravel\\framework\\src\\Illuminate\\Foundation\\Bootstrap\\BootProviders.php(17): Illuminate\\Foundation\\Application->boot()
#19 D:\\xampp\\htdocs\\Cars_ra\\vendor\\laravel\\framework\\src\\Illuminate\\Foundation\\Application.php(265): Illuminate\\Foundation\\Bootstrap\\BootProviders->bootstrap(Object(Illuminate\\Foundation\\Application))
#20 D:\\xampp\\htdocs\\Cars_ra\\vendor\\laravel\\framework\\src\\Illuminate\\Foundation\\Console\\Kernel.php(383): Illuminate\\Foundation\\Application->bootstrapWith(Array)
#21 D:\\xampp\\htdocs\\Cars_ra\\vendor\\laravel\\framework\\src\\Illuminate\\Foundation\\Console\\Kernel.php(153): Illuminate\\Foundation\\Console\\Kernel->bootstrap()
#22 D:\\xampp\\htdocs\\Cars_ra\\artisan(35): Illuminate\\Foundation\\Console\\Kernel->handle(Object(Symfony\\Component\\Console\\Input\\ArgvInput), Object(Symfony\\Component\\Console\\Output\\ConsoleOutput))
#23 {main}
"} 
[2025-04-30 16:40:53] local.ERROR: Please provide a valid cache path. {"exception":"[object] (InvalidArgumentException(code: 0): Please provide a valid cache path. at D:\\xampp\\htdocs\\Cars_ra\\vendor\\laravel\\framework\\src\\Illuminate\\View\\Compilers\\Compiler.php:66)
[stacktrace]
#0 D:\\xampp\\htdocs\\Cars_ra\\vendor\\laravel\\framework\\src\\Illuminate\\View\\ViewServiceProvider.php(96): Illuminate\\View\\Compilers\\Compiler->__construct(Object(Illuminate\\Filesystem\\Filesystem), false, '', true, 'php')
#1 D:\\xampp\\htdocs\\Cars_ra\\vendor\\laravel\\framework\\src\\Illuminate\\Container\\Container.php(885): Illuminate\\View\\ViewServiceProvider->Illuminate\\View\\{closure}(Object(Illuminate\\Foundation\\Application), Array)
#2 D:\\xampp\\htdocs\\Cars_ra\\vendor\\laravel\\framework\\src\\Illuminate\\Container\\Container.php(770): Illuminate\\Container\\Container->build(Object(Closure))
#3 D:\\xampp\\htdocs\\Cars_ra\\vendor\\laravel\\framework\\src\\Illuminate\\Foundation\\Application.php(881): Illuminate\\Container\\Container->resolve('blade.compiler', Array, true)
#4 D:\\xampp\\htdocs\\Cars_ra\\vendor\\laravel\\framework\\src\\Illuminate\\Container\\Container.php(706): Illuminate\\Foundation\\Application->resolve('blade.compiler', Array)
#5 D:\\xampp\\htdocs\\Cars_ra\\vendor\\laravel\\framework\\src\\Illuminate\\Foundation\\Application.php(866): Illuminate\\Container\\Container->make('blade.compiler', Array)
#6 D:\\xampp\\htdocs\\Cars_ra\\vendor\\laravel\\framework\\src\\Illuminate\\Container\\Container.php(1431): Illuminate\\Foundation\\Application->make('blade.compiler')
#7 D:\\xampp\\htdocs\\Cars_ra\\vendor\\livewire\\livewire\\src\\LivewireServiceProvider.php(276): Illuminate\\Container\\Container->offsetGet('blade.compiler')
#8 D:\\xampp\\htdocs\\Cars_ra\\vendor\\livewire\\livewire\\src\\LivewireServiceProvider.php(79): Livewire\\LivewireServiceProvider->registerTagCompiler()
#9 D:\\xampp\\htdocs\\Cars_ra\\vendor\\laravel\\framework\\src\\Illuminate\\Container\\BoundMethod.php(36): Livewire\\LivewireServiceProvider->boot()
#10 D:\\xampp\\htdocs\\Cars_ra\\vendor\\laravel\\framework\\src\\Illuminate\\Container\\Util.php(41): Illuminate\\Container\\BoundMethod::Illuminate\\Container\\{closure}()
#11 D:\\xampp\\htdocs\\Cars_ra\\vendor\\laravel\\framework\\src\\Illuminate\\Container\\BoundMethod.php(93): Illuminate\\Container\\Util::unwrapIfClosure(Object(Closure))
#12 D:\\xampp\\htdocs\\Cars_ra\\vendor\\laravel\\framework\\src\\Illuminate\\Container\\BoundMethod.php(35): Illuminate\\Container\\BoundMethod::callBoundMethod(Object(Illuminate\\Foundation\\Application), Array, Object(Closure))
#13 D:\\xampp\\htdocs\\Cars_ra\\vendor\\laravel\\framework\\src\\Illuminate\\Container\\Container.php(661): Illuminate\\Container\\BoundMethod::call(Object(Illuminate\\Foundation\\Application), Array, Array, NULL)
#14 D:\\xampp\\htdocs\\Cars_ra\\vendor\\laravel\\framework\\src\\Illuminate\\Foundation\\Application.php(954): Illuminate\\Container\\Container->call(Array)
#15 D:\\xampp\\htdocs\\Cars_ra\\vendor\\laravel\\framework\\src\\Illuminate\\Foundation\\Application.php(935): Illuminate\\Foundation\\Application->bootProvider(Object(Livewire\\LivewireServiceProvider))
#16 [internal function]: Illuminate\\Foundation\\Application->Illuminate\\Foundation\\{closure}(Object(Livewire\\LivewireServiceProvider), 22)
#17 D:\\xampp\\htdocs\\Cars_ra\\vendor\\laravel\\framework\\src\\Illuminate\\Foundation\\Application.php(934): array_walk(Array, Object(Closure))
#18 D:\\xampp\\htdocs\\Cars_ra\\vendor\\laravel\\framework\\src\\Illuminate\\Foundation\\Bootstrap\\BootProviders.php(17): Illuminate\\Foundation\\Application->boot()
#19 D:\\xampp\\htdocs\\Cars_ra\\vendor\\laravel\\framework\\src\\Illuminate\\Foundation\\Application.php(265): Illuminate\\Foundation\\Bootstrap\\BootProviders->bootstrap(Object(Illuminate\\Foundation\\Application))
#20 D:\\xampp\\htdocs\\Cars_ra\\vendor\\laravel\\framework\\src\\Illuminate\\Foundation\\Console\\Kernel.php(383): Illuminate\\Foundation\\Application->bootstrapWith(Array)
#21 D:\\xampp\\htdocs\\Cars_ra\\vendor\\laravel\\framework\\src\\Illuminate\\Foundation\\Console\\Kernel.php(153): Illuminate\\Foundation\\Console\\Kernel->bootstrap()
#22 Command line code(1): Illuminate\\Foundation\\Console\\Kernel->handle(Object(Symfony\\Component\\Console\\Input\\ArgvInput), Object(Symfony\\Component\\Console\\Output\\ConsoleOutput))
#23 {main}
"} 
[2025-04-30 16:40:53] local.ERROR: Please provide a valid cache path. {"exception":"[object] (InvalidArgumentException(code: 0): Please provide a valid cache path. at D:\\xampp\\htdocs\\Cars_ra\\vendor\\laravel\\framework\\src\\Illuminate\\View\\Compilers\\Compiler.php:66)
[stacktrace]
#0 D:\\xampp\\htdocs\\Cars_ra\\vendor\\laravel\\framework\\src\\Illuminate\\View\\ViewServiceProvider.php(96): Illuminate\\View\\Compilers\\Compiler->__construct(Object(Illuminate\\Filesystem\\Filesystem), false, '', true, 'php')
#1 D:\\xampp\\htdocs\\Cars_ra\\vendor\\laravel\\framework\\src\\Illuminate\\Container\\Container.php(885): Illuminate\\View\\ViewServiceProvider->Illuminate\\View\\{closure}(Object(Illuminate\\Foundation\\Application), Array)
#2 D:\\xampp\\htdocs\\Cars_ra\\vendor\\laravel\\framework\\src\\Illuminate\\Container\\Container.php(770): Illuminate\\Container\\Container->build(Object(Closure))
#3 D:\\xampp\\htdocs\\Cars_ra\\vendor\\laravel\\framework\\src\\Illuminate\\Foundation\\Application.php(881): Illuminate\\Container\\Container->resolve('blade.compiler', Array, true)
#4 D:\\xampp\\htdocs\\Cars_ra\\vendor\\laravel\\framework\\src\\Illuminate\\Container\\Container.php(706): Illuminate\\Foundation\\Application->resolve('blade.compiler', Array)
#5 D:\\xampp\\htdocs\\Cars_ra\\vendor\\laravel\\framework\\src\\Illuminate\\Foundation\\Application.php(866): Illuminate\\Container\\Container->make('blade.compiler', Array)
#6 D:\\xampp\\htdocs\\Cars_ra\\vendor\\laravel\\framework\\src\\Illuminate\\Container\\Container.php(1431): Illuminate\\Foundation\\Application->make('blade.compiler')
#7 D:\\xampp\\htdocs\\Cars_ra\\vendor\\livewire\\livewire\\src\\LivewireServiceProvider.php(276): Illuminate\\Container\\Container->offsetGet('blade.compiler')
#8 D:\\xampp\\htdocs\\Cars_ra\\vendor\\livewire\\livewire\\src\\LivewireServiceProvider.php(79): Livewire\\LivewireServiceProvider->registerTagCompiler()
#9 D:\\xampp\\htdocs\\Cars_ra\\vendor\\laravel\\framework\\src\\Illuminate\\Container\\BoundMethod.php(36): Livewire\\LivewireServiceProvider->boot()
#10 D:\\xampp\\htdocs\\Cars_ra\\vendor\\laravel\\framework\\src\\Illuminate\\Container\\Util.php(41): Illuminate\\Container\\BoundMethod::Illuminate\\Container\\{closure}()
#11 D:\\xampp\\htdocs\\Cars_ra\\vendor\\laravel\\framework\\src\\Illuminate\\Container\\BoundMethod.php(93): Illuminate\\Container\\Util::unwrapIfClosure(Object(Closure))
#12 D:\\xampp\\htdocs\\Cars_ra\\vendor\\laravel\\framework\\src\\Illuminate\\Container\\BoundMethod.php(35): Illuminate\\Container\\BoundMethod::callBoundMethod(Object(Illuminate\\Foundation\\Application), Array, Object(Closure))
#13 D:\\xampp\\htdocs\\Cars_ra\\vendor\\laravel\\framework\\src\\Illuminate\\Container\\Container.php(661): Illuminate\\Container\\BoundMethod::call(Object(Illuminate\\Foundation\\Application), Array, Array, NULL)
#14 D:\\xampp\\htdocs\\Cars_ra\\vendor\\laravel\\framework\\src\\Illuminate\\Foundation\\Application.php(954): Illuminate\\Container\\Container->call(Array)
#15 D:\\xampp\\htdocs\\Cars_ra\\vendor\\laravel\\framework\\src\\Illuminate\\Foundation\\Application.php(935): Illuminate\\Foundation\\Application->bootProvider(Object(Livewire\\LivewireServiceProvider))
#16 [internal function]: Illuminate\\Foundation\\Application->Illuminate\\Foundation\\{closure}(Object(Livewire\\LivewireServiceProvider), 22)
#17 D:\\xampp\\htdocs\\Cars_ra\\vendor\\laravel\\framework\\src\\Illuminate\\Foundation\\Application.php(934): array_walk(Array, Object(Closure))
#18 D:\\xampp\\htdocs\\Cars_ra\\vendor\\laravel\\framework\\src\\Illuminate\\Foundation\\Bootstrap\\BootProviders.php(17): Illuminate\\Foundation\\Application->boot()
#19 D:\\xampp\\htdocs\\Cars_ra\\vendor\\laravel\\framework\\src\\Illuminate\\Foundation\\Application.php(265): Illuminate\\Foundation\\Bootstrap\\BootProviders->bootstrap(Object(Illuminate\\Foundation\\Application))
#20 D:\\xampp\\htdocs\\Cars_ra\\vendor\\laravel\\framework\\src\\Illuminate\\Foundation\\Console\\Kernel.php(383): Illuminate\\Foundation\\Application->bootstrapWith(Array)
#21 D:\\xampp\\htdocs\\Cars_ra\\vendor\\laravel\\framework\\src\\Illuminate\\Foundation\\Console\\Kernel.php(153): Illuminate\\Foundation\\Console\\Kernel->bootstrap()
#22 Command line code(1): Illuminate\\Foundation\\Console\\Kernel->handle(Object(Symfony\\Component\\Console\\Input\\ArgvInput), Object(Symfony\\Component\\Console\\Output\\ConsoleOutput))
#23 {main}
"} 
[2025-04-30 16:41:21] local.ERROR: Please provide a valid cache path. {"exception":"[object] (InvalidArgumentException(code: 0): Please provide a valid cache path. at D:\\xampp\\htdocs\\Cars_ra\\vendor\\laravel\\framework\\src\\Illuminate\\View\\Compilers\\Compiler.php:66)
[stacktrace]
#0 D:\\xampp\\htdocs\\Cars_ra\\vendor\\laravel\\framework\\src\\Illuminate\\View\\ViewServiceProvider.php(96): Illuminate\\View\\Compilers\\Compiler->__construct(Object(Illuminate\\Filesystem\\Filesystem), false, '', true, 'php')
#1 D:\\xampp\\htdocs\\Cars_ra\\vendor\\laravel\\framework\\src\\Illuminate\\Container\\Container.php(885): Illuminate\\View\\ViewServiceProvider->Illuminate\\View\\{closure}(Object(Illuminate\\Foundation\\Application), Array)
#2 D:\\xampp\\htdocs\\Cars_ra\\vendor\\laravel\\framework\\src\\Illuminate\\Container\\Container.php(770): Illuminate\\Container\\Container->build(Object(Closure))
#3 D:\\xampp\\htdocs\\Cars_ra\\vendor\\laravel\\framework\\src\\Illuminate\\Foundation\\Application.php(881): Illuminate\\Container\\Container->resolve('blade.compiler', Array, true)
#4 D:\\xampp\\htdocs\\Cars_ra\\vendor\\laravel\\framework\\src\\Illuminate\\Container\\Container.php(706): Illuminate\\Foundation\\Application->resolve('blade.compiler', Array)
#5 D:\\xampp\\htdocs\\Cars_ra\\vendor\\laravel\\framework\\src\\Illuminate\\Foundation\\Application.php(866): Illuminate\\Container\\Container->make('blade.compiler', Array)
#6 D:\\xampp\\htdocs\\Cars_ra\\vendor\\laravel\\framework\\src\\Illuminate\\Container\\Container.php(1431): Illuminate\\Foundation\\Application->make('blade.compiler')
#7 D:\\xampp\\htdocs\\Cars_ra\\vendor\\livewire\\livewire\\src\\LivewireServiceProvider.php(276): Illuminate\\Container\\Container->offsetGet('blade.compiler')
#8 D:\\xampp\\htdocs\\Cars_ra\\vendor\\livewire\\livewire\\src\\LivewireServiceProvider.php(79): Livewire\\LivewireServiceProvider->registerTagCompiler()
#9 D:\\xampp\\htdocs\\Cars_ra\\vendor\\laravel\\framework\\src\\Illuminate\\Container\\BoundMethod.php(36): Livewire\\LivewireServiceProvider->boot()
#10 D:\\xampp\\htdocs\\Cars_ra\\vendor\\laravel\\framework\\src\\Illuminate\\Container\\Util.php(41): Illuminate\\Container\\BoundMethod::Illuminate\\Container\\{closure}()
#11 D:\\xampp\\htdocs\\Cars_ra\\vendor\\laravel\\framework\\src\\Illuminate\\Container\\BoundMethod.php(93): Illuminate\\Container\\Util::unwrapIfClosure(Object(Closure))
#12 D:\\xampp\\htdocs\\Cars_ra\\vendor\\laravel\\framework\\src\\Illuminate\\Container\\BoundMethod.php(35): Illuminate\\Container\\BoundMethod::callBoundMethod(Object(Illuminate\\Foundation\\Application), Array, Object(Closure))
#13 D:\\xampp\\htdocs\\Cars_ra\\vendor\\laravel\\framework\\src\\Illuminate\\Container\\Container.php(661): Illuminate\\Container\\BoundMethod::call(Object(Illuminate\\Foundation\\Application), Array, Array, NULL)
#14 D:\\xampp\\htdocs\\Cars_ra\\vendor\\laravel\\framework\\src\\Illuminate\\Foundation\\Application.php(954): Illuminate\\Container\\Container->call(Array)
#15 D:\\xampp\\htdocs\\Cars_ra\\vendor\\laravel\\framework\\src\\Illuminate\\Foundation\\Application.php(935): Illuminate\\Foundation\\Application->bootProvider(Object(Livewire\\LivewireServiceProvider))
#16 [internal function]: Illuminate\\Foundation\\Application->Illuminate\\Foundation\\{closure}(Object(Livewire\\LivewireServiceProvider), 21)
#17 D:\\xampp\\htdocs\\Cars_ra\\vendor\\laravel\\framework\\src\\Illuminate\\Foundation\\Application.php(934): array_walk(Array, Object(Closure))
#18 D:\\xampp\\htdocs\\Cars_ra\\vendor\\laravel\\framework\\src\\Illuminate\\Foundation\\Bootstrap\\BootProviders.php(17): Illuminate\\Foundation\\Application->boot()
#19 D:\\xampp\\htdocs\\Cars_ra\\vendor\\laravel\\framework\\src\\Illuminate\\Foundation\\Application.php(265): Illuminate\\Foundation\\Bootstrap\\BootProviders->bootstrap(Object(Illuminate\\Foundation\\Application))
#20 D:\\xampp\\htdocs\\Cars_ra\\vendor\\laravel\\framework\\src\\Illuminate\\Foundation\\Console\\Kernel.php(383): Illuminate\\Foundation\\Application->bootstrapWith(Array)
#21 D:\\xampp\\htdocs\\Cars_ra\\vendor\\laravel\\framework\\src\\Illuminate\\Foundation\\Console\\Kernel.php(153): Illuminate\\Foundation\\Console\\Kernel->bootstrap()
#22 D:\\xampp\\htdocs\\Cars_ra\\artisan(35): Illuminate\\Foundation\\Console\\Kernel->handle(Object(Symfony\\Component\\Console\\Input\\ArgvInput), Object(Symfony\\Component\\Console\\Output\\ConsoleOutput))
#23 {main}
"} 
[2025-04-30 16:41:53] local.ERROR: Please provide a valid cache path. {"exception":"[object] (InvalidArgumentException(code: 0): Please provide a valid cache path. at D:\\xampp\\htdocs\\Cars_ra\\vendor\\laravel\\framework\\src\\Illuminate\\View\\Compilers\\Compiler.php:66)
[stacktrace]
#0 D:\\xampp\\htdocs\\Cars_ra\\vendor\\laravel\\framework\\src\\Illuminate\\View\\ViewServiceProvider.php(96): Illuminate\\View\\Compilers\\Compiler->__construct(Object(Illuminate\\Filesystem\\Filesystem), false, '', true, 'php')
#1 D:\\xampp\\htdocs\\Cars_ra\\vendor\\laravel\\framework\\src\\Illuminate\\Container\\Container.php(885): Illuminate\\View\\ViewServiceProvider->Illuminate\\View\\{closure}(Object(Illuminate\\Foundation\\Application), Array)
#2 D:\\xampp\\htdocs\\Cars_ra\\vendor\\laravel\\framework\\src\\Illuminate\\Container\\Container.php(770): Illuminate\\Container\\Container->build(Object(Closure))
#3 D:\\xampp\\htdocs\\Cars_ra\\vendor\\laravel\\framework\\src\\Illuminate\\Foundation\\Application.php(881): Illuminate\\Container\\Container->resolve('blade.compiler', Array, true)
#4 D:\\xampp\\htdocs\\Cars_ra\\vendor\\laravel\\framework\\src\\Illuminate\\Container\\Container.php(706): Illuminate\\Foundation\\Application->resolve('blade.compiler', Array)
#5 D:\\xampp\\htdocs\\Cars_ra\\vendor\\laravel\\framework\\src\\Illuminate\\Foundation\\Application.php(866): Illuminate\\Container\\Container->make('blade.compiler', Array)
#6 D:\\xampp\\htdocs\\Cars_ra\\vendor\\laravel\\framework\\src\\Illuminate\\Container\\Container.php(1431): Illuminate\\Foundation\\Application->make('blade.compiler')
#7 D:\\xampp\\htdocs\\Cars_ra\\vendor\\livewire\\livewire\\src\\LivewireServiceProvider.php(276): Illuminate\\Container\\Container->offsetGet('blade.compiler')
#8 D:\\xampp\\htdocs\\Cars_ra\\vendor\\livewire\\livewire\\src\\LivewireServiceProvider.php(79): Livewire\\LivewireServiceProvider->registerTagCompiler()
#9 D:\\xampp\\htdocs\\Cars_ra\\vendor\\laravel\\framework\\src\\Illuminate\\Container\\BoundMethod.php(36): Livewire\\LivewireServiceProvider->boot()
#10 D:\\xampp\\htdocs\\Cars_ra\\vendor\\laravel\\framework\\src\\Illuminate\\Container\\Util.php(41): Illuminate\\Container\\BoundMethod::Illuminate\\Container\\{closure}()
#11 D:\\xampp\\htdocs\\Cars_ra\\vendor\\laravel\\framework\\src\\Illuminate\\Container\\BoundMethod.php(93): Illuminate\\Container\\Util::unwrapIfClosure(Object(Closure))
#12 D:\\xampp\\htdocs\\Cars_ra\\vendor\\laravel\\framework\\src\\Illuminate\\Container\\BoundMethod.php(35): Illuminate\\Container\\BoundMethod::callBoundMethod(Object(Illuminate\\Foundation\\Application), Array, Object(Closure))
#13 D:\\xampp\\htdocs\\Cars_ra\\vendor\\laravel\\framework\\src\\Illuminate\\Container\\Container.php(661): Illuminate\\Container\\BoundMethod::call(Object(Illuminate\\Foundation\\Application), Array, Array, NULL)
#14 D:\\xampp\\htdocs\\Cars_ra\\vendor\\laravel\\framework\\src\\Illuminate\\Foundation\\Application.php(954): Illuminate\\Container\\Container->call(Array)
#15 D:\\xampp\\htdocs\\Cars_ra\\vendor\\laravel\\framework\\src\\Illuminate\\Foundation\\Application.php(935): Illuminate\\Foundation\\Application->bootProvider(Object(Livewire\\LivewireServiceProvider))
#16 [internal function]: Illuminate\\Foundation\\Application->Illuminate\\Foundation\\{closure}(Object(Livewire\\LivewireServiceProvider), 22)
#17 D:\\xampp\\htdocs\\Cars_ra\\vendor\\laravel\\framework\\src\\Illuminate\\Foundation\\Application.php(934): array_walk(Array, Object(Closure))
#18 D:\\xampp\\htdocs\\Cars_ra\\vendor\\laravel\\framework\\src\\Illuminate\\Foundation\\Bootstrap\\BootProviders.php(17): Illuminate\\Foundation\\Application->boot()
#19 D:\\xampp\\htdocs\\Cars_ra\\vendor\\laravel\\framework\\src\\Illuminate\\Foundation\\Application.php(265): Illuminate\\Foundation\\Bootstrap\\BootProviders->bootstrap(Object(Illuminate\\Foundation\\Application))
#20 D:\\xampp\\htdocs\\Cars_ra\\vendor\\laravel\\framework\\src\\Illuminate\\Foundation\\Console\\Kernel.php(383): Illuminate\\Foundation\\Application->bootstrapWith(Array)
#21 D:\\xampp\\htdocs\\Cars_ra\\vendor\\laravel\\framework\\src\\Illuminate\\Foundation\\Console\\Kernel.php(153): Illuminate\\Foundation\\Console\\Kernel->bootstrap()
#22 Command line code(1): Illuminate\\Foundation\\Console\\Kernel->handle(Object(Symfony\\Component\\Console\\Input\\ArgvInput), Object(Symfony\\Component\\Console\\Output\\ConsoleOutput))
#23 {main}
"} 
[2025-04-30 16:41:53] local.ERROR: Please provide a valid cache path. {"exception":"[object] (InvalidArgumentException(code: 0): Please provide a valid cache path. at D:\\xampp\\htdocs\\Cars_ra\\vendor\\laravel\\framework\\src\\Illuminate\\View\\Compilers\\Compiler.php:66)
[stacktrace]
#0 D:\\xampp\\htdocs\\Cars_ra\\vendor\\laravel\\framework\\src\\Illuminate\\View\\ViewServiceProvider.php(96): Illuminate\\View\\Compilers\\Compiler->__construct(Object(Illuminate\\Filesystem\\Filesystem), false, '', true, 'php')
#1 D:\\xampp\\htdocs\\Cars_ra\\vendor\\laravel\\framework\\src\\Illuminate\\Container\\Container.php(885): Illuminate\\View\\ViewServiceProvider->Illuminate\\View\\{closure}(Object(Illuminate\\Foundation\\Application), Array)
#2 D:\\xampp\\htdocs\\Cars_ra\\vendor\\laravel\\framework\\src\\Illuminate\\Container\\Container.php(770): Illuminate\\Container\\Container->build(Object(Closure))
#3 D:\\xampp\\htdocs\\Cars_ra\\vendor\\laravel\\framework\\src\\Illuminate\\Foundation\\Application.php(881): Illuminate\\Container\\Container->resolve('blade.compiler', Array, true)
#4 D:\\xampp\\htdocs\\Cars_ra\\vendor\\laravel\\framework\\src\\Illuminate\\Container\\Container.php(706): Illuminate\\Foundation\\Application->resolve('blade.compiler', Array)
#5 D:\\xampp\\htdocs\\Cars_ra\\vendor\\laravel\\framework\\src\\Illuminate\\Foundation\\Application.php(866): Illuminate\\Container\\Container->make('blade.compiler', Array)
#6 D:\\xampp\\htdocs\\Cars_ra\\vendor\\laravel\\framework\\src\\Illuminate\\Container\\Container.php(1431): Illuminate\\Foundation\\Application->make('blade.compiler')
#7 D:\\xampp\\htdocs\\Cars_ra\\vendor\\livewire\\livewire\\src\\LivewireServiceProvider.php(276): Illuminate\\Container\\Container->offsetGet('blade.compiler')
#8 D:\\xampp\\htdocs\\Cars_ra\\vendor\\livewire\\livewire\\src\\LivewireServiceProvider.php(79): Livewire\\LivewireServiceProvider->registerTagCompiler()
#9 D:\\xampp\\htdocs\\Cars_ra\\vendor\\laravel\\framework\\src\\Illuminate\\Container\\BoundMethod.php(36): Livewire\\LivewireServiceProvider->boot()
#10 D:\\xampp\\htdocs\\Cars_ra\\vendor\\laravel\\framework\\src\\Illuminate\\Container\\Util.php(41): Illuminate\\Container\\BoundMethod::Illuminate\\Container\\{closure}()
#11 D:\\xampp\\htdocs\\Cars_ra\\vendor\\laravel\\framework\\src\\Illuminate\\Container\\BoundMethod.php(93): Illuminate\\Container\\Util::unwrapIfClosure(Object(Closure))
#12 D:\\xampp\\htdocs\\Cars_ra\\vendor\\laravel\\framework\\src\\Illuminate\\Container\\BoundMethod.php(35): Illuminate\\Container\\BoundMethod::callBoundMethod(Object(Illuminate\\Foundation\\Application), Array, Object(Closure))
#13 D:\\xampp\\htdocs\\Cars_ra\\vendor\\laravel\\framework\\src\\Illuminate\\Container\\Container.php(661): Illuminate\\Container\\BoundMethod::call(Object(Illuminate\\Foundation\\Application), Array, Array, NULL)
#14 D:\\xampp\\htdocs\\Cars_ra\\vendor\\laravel\\framework\\src\\Illuminate\\Foundation\\Application.php(954): Illuminate\\Container\\Container->call(Array)
#15 D:\\xampp\\htdocs\\Cars_ra\\vendor\\laravel\\framework\\src\\Illuminate\\Foundation\\Application.php(935): Illuminate\\Foundation\\Application->bootProvider(Object(Livewire\\LivewireServiceProvider))
#16 [internal function]: Illuminate\\Foundation\\Application->Illuminate\\Foundation\\{closure}(Object(Livewire\\LivewireServiceProvider), 22)
#17 D:\\xampp\\htdocs\\Cars_ra\\vendor\\laravel\\framework\\src\\Illuminate\\Foundation\\Application.php(934): array_walk(Array, Object(Closure))
#18 D:\\xampp\\htdocs\\Cars_ra\\vendor\\laravel\\framework\\src\\Illuminate\\Foundation\\Bootstrap\\BootProviders.php(17): Illuminate\\Foundation\\Application->boot()
#19 D:\\xampp\\htdocs\\Cars_ra\\vendor\\laravel\\framework\\src\\Illuminate\\Foundation\\Application.php(265): Illuminate\\Foundation\\Bootstrap\\BootProviders->bootstrap(Object(Illuminate\\Foundation\\Application))
#20 D:\\xampp\\htdocs\\Cars_ra\\vendor\\laravel\\framework\\src\\Illuminate\\Foundation\\Console\\Kernel.php(383): Illuminate\\Foundation\\Application->bootstrapWith(Array)
#21 D:\\xampp\\htdocs\\Cars_ra\\vendor\\laravel\\framework\\src\\Illuminate\\Foundation\\Console\\Kernel.php(153): Illuminate\\Foundation\\Console\\Kernel->bootstrap()
#22 Command line code(1): Illuminate\\Foundation\\Console\\Kernel->handle(Object(Symfony\\Component\\Console\\Input\\ArgvInput), Object(Symfony\\Component\\Console\\Output\\ConsoleOutput))
#23 {main}
"} 
[2025-04-30 16:42:53] local.ERROR: Please provide a valid cache path. {"exception":"[object] (InvalidArgumentException(code: 0): Please provide a valid cache path. at D:\\xampp\\htdocs\\Cars_ra\\vendor\\laravel\\framework\\src\\Illuminate\\View\\Compilers\\Compiler.php:66)
[stacktrace]
#0 D:\\xampp\\htdocs\\Cars_ra\\vendor\\laravel\\framework\\src\\Illuminate\\View\\ViewServiceProvider.php(96): Illuminate\\View\\Compilers\\Compiler->__construct(Object(Illuminate\\Filesystem\\Filesystem), false, '', true, 'php')
#1 D:\\xampp\\htdocs\\Cars_ra\\vendor\\laravel\\framework\\src\\Illuminate\\Container\\Container.php(885): Illuminate\\View\\ViewServiceProvider->Illuminate\\View\\{closure}(Object(Illuminate\\Foundation\\Application), Array)
#2 D:\\xampp\\htdocs\\Cars_ra\\vendor\\laravel\\framework\\src\\Illuminate\\Container\\Container.php(770): Illuminate\\Container\\Container->build(Object(Closure))
#3 D:\\xampp\\htdocs\\Cars_ra\\vendor\\laravel\\framework\\src\\Illuminate\\Foundation\\Application.php(881): Illuminate\\Container\\Container->resolve('blade.compiler', Array, true)
#4 D:\\xampp\\htdocs\\Cars_ra\\vendor\\laravel\\framework\\src\\Illuminate\\Container\\Container.php(706): Illuminate\\Foundation\\Application->resolve('blade.compiler', Array)
#5 D:\\xampp\\htdocs\\Cars_ra\\vendor\\laravel\\framework\\src\\Illuminate\\Foundation\\Application.php(866): Illuminate\\Container\\Container->make('blade.compiler', Array)
#6 D:\\xampp\\htdocs\\Cars_ra\\vendor\\laravel\\framework\\src\\Illuminate\\Container\\Container.php(1431): Illuminate\\Foundation\\Application->make('blade.compiler')
#7 D:\\xampp\\htdocs\\Cars_ra\\vendor\\livewire\\livewire\\src\\LivewireServiceProvider.php(276): Illuminate\\Container\\Container->offsetGet('blade.compiler')
#8 D:\\xampp\\htdocs\\Cars_ra\\vendor\\livewire\\livewire\\src\\LivewireServiceProvider.php(79): Livewire\\LivewireServiceProvider->registerTagCompiler()
#9 D:\\xampp\\htdocs\\Cars_ra\\vendor\\laravel\\framework\\src\\Illuminate\\Container\\BoundMethod.php(36): Livewire\\LivewireServiceProvider->boot()
#10 D:\\xampp\\htdocs\\Cars_ra\\vendor\\laravel\\framework\\src\\Illuminate\\Container\\Util.php(41): Illuminate\\Container\\BoundMethod::Illuminate\\Container\\{closure}()
#11 D:\\xampp\\htdocs\\Cars_ra\\vendor\\laravel\\framework\\src\\Illuminate\\Container\\BoundMethod.php(93): Illuminate\\Container\\Util::unwrapIfClosure(Object(Closure))
#12 D:\\xampp\\htdocs\\Cars_ra\\vendor\\laravel\\framework\\src\\Illuminate\\Container\\BoundMethod.php(35): Illuminate\\Container\\BoundMethod::callBoundMethod(Object(Illuminate\\Foundation\\Application), Array, Object(Closure))
#13 D:\\xampp\\htdocs\\Cars_ra\\vendor\\laravel\\framework\\src\\Illuminate\\Container\\Container.php(661): Illuminate\\Container\\BoundMethod::call(Object(Illuminate\\Foundation\\Application), Array, Array, NULL)
#14 D:\\xampp\\htdocs\\Cars_ra\\vendor\\laravel\\framework\\src\\Illuminate\\Foundation\\Application.php(954): Illuminate\\Container\\Container->call(Array)
#15 D:\\xampp\\htdocs\\Cars_ra\\vendor\\laravel\\framework\\src\\Illuminate\\Foundation\\Application.php(935): Illuminate\\Foundation\\Application->bootProvider(Object(Livewire\\LivewireServiceProvider))
#16 [internal function]: Illuminate\\Foundation\\Application->Illuminate\\Foundation\\{closure}(Object(Livewire\\LivewireServiceProvider), 22)
#17 D:\\xampp\\htdocs\\Cars_ra\\vendor\\laravel\\framework\\src\\Illuminate\\Foundation\\Application.php(934): array_walk(Array, Object(Closure))
#18 D:\\xampp\\htdocs\\Cars_ra\\vendor\\laravel\\framework\\src\\Illuminate\\Foundation\\Bootstrap\\BootProviders.php(17): Illuminate\\Foundation\\Application->boot()
#19 D:\\xampp\\htdocs\\Cars_ra\\vendor\\laravel\\framework\\src\\Illuminate\\Foundation\\Application.php(265): Illuminate\\Foundation\\Bootstrap\\BootProviders->bootstrap(Object(Illuminate\\Foundation\\Application))
#20 D:\\xampp\\htdocs\\Cars_ra\\vendor\\laravel\\framework\\src\\Illuminate\\Foundation\\Console\\Kernel.php(383): Illuminate\\Foundation\\Application->bootstrapWith(Array)
#21 D:\\xampp\\htdocs\\Cars_ra\\vendor\\laravel\\framework\\src\\Illuminate\\Foundation\\Console\\Kernel.php(153): Illuminate\\Foundation\\Console\\Kernel->bootstrap()
#22 Command line code(1): Illuminate\\Foundation\\Console\\Kernel->handle(Object(Symfony\\Component\\Console\\Input\\ArgvInput), Object(Symfony\\Component\\Console\\Output\\ConsoleOutput))
#23 {main}
"} 
[2025-04-30 16:42:53] local.ERROR: Please provide a valid cache path. {"exception":"[object] (InvalidArgumentException(code: 0): Please provide a valid cache path. at D:\\xampp\\htdocs\\Cars_ra\\vendor\\laravel\\framework\\src\\Illuminate\\View\\Compilers\\Compiler.php:66)
[stacktrace]
#0 D:\\xampp\\htdocs\\Cars_ra\\vendor\\laravel\\framework\\src\\Illuminate\\View\\ViewServiceProvider.php(96): Illuminate\\View\\Compilers\\Compiler->__construct(Object(Illuminate\\Filesystem\\Filesystem), false, '', true, 'php')
#1 D:\\xampp\\htdocs\\Cars_ra\\vendor\\laravel\\framework\\src\\Illuminate\\Container\\Container.php(885): Illuminate\\View\\ViewServiceProvider->Illuminate\\View\\{closure}(Object(Illuminate\\Foundation\\Application), Array)
#2 D:\\xampp\\htdocs\\Cars_ra\\vendor\\laravel\\framework\\src\\Illuminate\\Container\\Container.php(770): Illuminate\\Container\\Container->build(Object(Closure))
#3 D:\\xampp\\htdocs\\Cars_ra\\vendor\\laravel\\framework\\src\\Illuminate\\Foundation\\Application.php(881): Illuminate\\Container\\Container->resolve('blade.compiler', Array, true)
#4 D:\\xampp\\htdocs\\Cars_ra\\vendor\\laravel\\framework\\src\\Illuminate\\Container\\Container.php(706): Illuminate\\Foundation\\Application->resolve('blade.compiler', Array)
#5 D:\\xampp\\htdocs\\Cars_ra\\vendor\\laravel\\framework\\src\\Illuminate\\Foundation\\Application.php(866): Illuminate\\Container\\Container->make('blade.compiler', Array)
#6 D:\\xampp\\htdocs\\Cars_ra\\vendor\\laravel\\framework\\src\\Illuminate\\Container\\Container.php(1431): Illuminate\\Foundation\\Application->make('blade.compiler')
#7 D:\\xampp\\htdocs\\Cars_ra\\vendor\\livewire\\livewire\\src\\LivewireServiceProvider.php(276): Illuminate\\Container\\Container->offsetGet('blade.compiler')
#8 D:\\xampp\\htdocs\\Cars_ra\\vendor\\livewire\\livewire\\src\\LivewireServiceProvider.php(79): Livewire\\LivewireServiceProvider->registerTagCompiler()
#9 D:\\xampp\\htdocs\\Cars_ra\\vendor\\laravel\\framework\\src\\Illuminate\\Container\\BoundMethod.php(36): Livewire\\LivewireServiceProvider->boot()
#10 D:\\xampp\\htdocs\\Cars_ra\\vendor\\laravel\\framework\\src\\Illuminate\\Container\\Util.php(41): Illuminate\\Container\\BoundMethod::Illuminate\\Container\\{closure}()
#11 D:\\xampp\\htdocs\\Cars_ra\\vendor\\laravel\\framework\\src\\Illuminate\\Container\\BoundMethod.php(93): Illuminate\\Container\\Util::unwrapIfClosure(Object(Closure))
#12 D:\\xampp\\htdocs\\Cars_ra\\vendor\\laravel\\framework\\src\\Illuminate\\Container\\BoundMethod.php(35): Illuminate\\Container\\BoundMethod::callBoundMethod(Object(Illuminate\\Foundation\\Application), Array, Object(Closure))
#13 D:\\xampp\\htdocs\\Cars_ra\\vendor\\laravel\\framework\\src\\Illuminate\\Container\\Container.php(661): Illuminate\\Container\\BoundMethod::call(Object(Illuminate\\Foundation\\Application), Array, Array, NULL)
#14 D:\\xampp\\htdocs\\Cars_ra\\vendor\\laravel\\framework\\src\\Illuminate\\Foundation\\Application.php(954): Illuminate\\Container\\Container->call(Array)
#15 D:\\xampp\\htdocs\\Cars_ra\\vendor\\laravel\\framework\\src\\Illuminate\\Foundation\\Application.php(935): Illuminate\\Foundation\\Application->bootProvider(Object(Livewire\\LivewireServiceProvider))
#16 [internal function]: Illuminate\\Foundation\\Application->Illuminate\\Foundation\\{closure}(Object(Livewire\\LivewireServiceProvider), 22)
#17 D:\\xampp\\htdocs\\Cars_ra\\vendor\\laravel\\framework\\src\\Illuminate\\Foundation\\Application.php(934): array_walk(Array, Object(Closure))
#18 D:\\xampp\\htdocs\\Cars_ra\\vendor\\laravel\\framework\\src\\Illuminate\\Foundation\\Bootstrap\\BootProviders.php(17): Illuminate\\Foundation\\Application->boot()
#19 D:\\xampp\\htdocs\\Cars_ra\\vendor\\laravel\\framework\\src\\Illuminate\\Foundation\\Application.php(265): Illuminate\\Foundation\\Bootstrap\\BootProviders->bootstrap(Object(Illuminate\\Foundation\\Application))
#20 D:\\xampp\\htdocs\\Cars_ra\\vendor\\laravel\\framework\\src\\Illuminate\\Foundation\\Console\\Kernel.php(383): Illuminate\\Foundation\\Application->bootstrapWith(Array)
#21 D:\\xampp\\htdocs\\Cars_ra\\vendor\\laravel\\framework\\src\\Illuminate\\Foundation\\Console\\Kernel.php(153): Illuminate\\Foundation\\Console\\Kernel->bootstrap()
#22 Command line code(1): Illuminate\\Foundation\\Console\\Kernel->handle(Object(Symfony\\Component\\Console\\Input\\ArgvInput), Object(Symfony\\Component\\Console\\Output\\ConsoleOutput))
#23 {main}
"} 
[2025-04-30 16:43:33] local.ERROR: Please provide a valid cache path. {"exception":"[object] (InvalidArgumentException(code: 0): Please provide a valid cache path. at D:\\xampp\\htdocs\\Cars_ra\\vendor\\laravel\\framework\\src\\Illuminate\\View\\Compilers\\Compiler.php:66)
[stacktrace]
#0 D:\\xampp\\htdocs\\Cars_ra\\vendor\\laravel\\framework\\src\\Illuminate\\View\\ViewServiceProvider.php(96): Illuminate\\View\\Compilers\\Compiler->__construct(Object(Illuminate\\Filesystem\\Filesystem), false, '', true, 'php')
#1 D:\\xampp\\htdocs\\Cars_ra\\vendor\\laravel\\framework\\src\\Illuminate\\Container\\Container.php(885): Illuminate\\View\\ViewServiceProvider->Illuminate\\View\\{closure}(Object(Illuminate\\Foundation\\Application), Array)
#2 D:\\xampp\\htdocs\\Cars_ra\\vendor\\laravel\\framework\\src\\Illuminate\\Container\\Container.php(770): Illuminate\\Container\\Container->build(Object(Closure))
#3 D:\\xampp\\htdocs\\Cars_ra\\vendor\\laravel\\framework\\src\\Illuminate\\Foundation\\Application.php(881): Illuminate\\Container\\Container->resolve('blade.compiler', Array, true)
#4 D:\\xampp\\htdocs\\Cars_ra\\vendor\\laravel\\framework\\src\\Illuminate\\Container\\Container.php(706): Illuminate\\Foundation\\Application->resolve('blade.compiler', Array)
#5 D:\\xampp\\htdocs\\Cars_ra\\vendor\\laravel\\framework\\src\\Illuminate\\Foundation\\Application.php(866): Illuminate\\Container\\Container->make('blade.compiler', Array)
#6 D:\\xampp\\htdocs\\Cars_ra\\vendor\\laravel\\framework\\src\\Illuminate\\Container\\Container.php(1431): Illuminate\\Foundation\\Application->make('blade.compiler')
#7 D:\\xampp\\htdocs\\Cars_ra\\vendor\\livewire\\livewire\\src\\LivewireServiceProvider.php(276): Illuminate\\Container\\Container->offsetGet('blade.compiler')
#8 D:\\xampp\\htdocs\\Cars_ra\\vendor\\livewire\\livewire\\src\\LivewireServiceProvider.php(79): Livewire\\LivewireServiceProvider->registerTagCompiler()
#9 D:\\xampp\\htdocs\\Cars_ra\\vendor\\laravel\\framework\\src\\Illuminate\\Container\\BoundMethod.php(36): Livewire\\LivewireServiceProvider->boot()
#10 D:\\xampp\\htdocs\\Cars_ra\\vendor\\laravel\\framework\\src\\Illuminate\\Container\\Util.php(41): Illuminate\\Container\\BoundMethod::Illuminate\\Container\\{closure}()
#11 D:\\xampp\\htdocs\\Cars_ra\\vendor\\laravel\\framework\\src\\Illuminate\\Container\\BoundMethod.php(93): Illuminate\\Container\\Util::unwrapIfClosure(Object(Closure))
#12 D:\\xampp\\htdocs\\Cars_ra\\vendor\\laravel\\framework\\src\\Illuminate\\Container\\BoundMethod.php(35): Illuminate\\Container\\BoundMethod::callBoundMethod(Object(Illuminate\\Foundation\\Application), Array, Object(Closure))
#13 D:\\xampp\\htdocs\\Cars_ra\\vendor\\laravel\\framework\\src\\Illuminate\\Container\\Container.php(661): Illuminate\\Container\\BoundMethod::call(Object(Illuminate\\Foundation\\Application), Array, Array, NULL)
#14 D:\\xampp\\htdocs\\Cars_ra\\vendor\\laravel\\framework\\src\\Illuminate\\Foundation\\Application.php(954): Illuminate\\Container\\Container->call(Array)
#15 D:\\xampp\\htdocs\\Cars_ra\\vendor\\laravel\\framework\\src\\Illuminate\\Foundation\\Application.php(935): Illuminate\\Foundation\\Application->bootProvider(Object(Livewire\\LivewireServiceProvider))
#16 [internal function]: Illuminate\\Foundation\\Application->Illuminate\\Foundation\\{closure}(Object(Livewire\\LivewireServiceProvider), 21)
#17 D:\\xampp\\htdocs\\Cars_ra\\vendor\\laravel\\framework\\src\\Illuminate\\Foundation\\Application.php(934): array_walk(Array, Object(Closure))
#18 D:\\xampp\\htdocs\\Cars_ra\\vendor\\laravel\\framework\\src\\Illuminate\\Foundation\\Bootstrap\\BootProviders.php(17): Illuminate\\Foundation\\Application->boot()
#19 D:\\xampp\\htdocs\\Cars_ra\\vendor\\laravel\\framework\\src\\Illuminate\\Foundation\\Application.php(265): Illuminate\\Foundation\\Bootstrap\\BootProviders->bootstrap(Object(Illuminate\\Foundation\\Application))
#20 D:\\xampp\\htdocs\\Cars_ra\\vendor\\laravel\\framework\\src\\Illuminate\\Foundation\\Console\\Kernel.php(383): Illuminate\\Foundation\\Application->bootstrapWith(Array)
#21 D:\\xampp\\htdocs\\Cars_ra\\vendor\\laravel\\framework\\src\\Illuminate\\Foundation\\Console\\Kernel.php(153): Illuminate\\Foundation\\Console\\Kernel->bootstrap()
#22 D:\\xampp\\htdocs\\Cars_ra\\artisan(35): Illuminate\\Foundation\\Console\\Kernel->handle(Object(Symfony\\Component\\Console\\Input\\ArgvInput), Object(Symfony\\Component\\Console\\Output\\ConsoleOutput))
#23 {main}
"} 
[2025-04-30 16:43:38] local.ERROR: Please provide a valid cache path. {"exception":"[object] (InvalidArgumentException(code: 0): Please provide a valid cache path. at D:\\xampp\\htdocs\\Cars_ra\\vendor\\laravel\\framework\\src\\Illuminate\\View\\Compilers\\Compiler.php:66)
[stacktrace]
#0 D:\\xampp\\htdocs\\Cars_ra\\vendor\\laravel\\framework\\src\\Illuminate\\View\\ViewServiceProvider.php(96): Illuminate\\View\\Compilers\\Compiler->__construct(Object(Illuminate\\Filesystem\\Filesystem), false, '', true, 'php')
#1 D:\\xampp\\htdocs\\Cars_ra\\vendor\\laravel\\framework\\src\\Illuminate\\Container\\Container.php(885): Illuminate\\View\\ViewServiceProvider->Illuminate\\View\\{closure}(Object(Illuminate\\Foundation\\Application), Array)
#2 D:\\xampp\\htdocs\\Cars_ra\\vendor\\laravel\\framework\\src\\Illuminate\\Container\\Container.php(770): Illuminate\\Container\\Container->build(Object(Closure))
#3 D:\\xampp\\htdocs\\Cars_ra\\vendor\\laravel\\framework\\src\\Illuminate\\Foundation\\Application.php(881): Illuminate\\Container\\Container->resolve('blade.compiler', Array, true)
#4 D:\\xampp\\htdocs\\Cars_ra\\vendor\\laravel\\framework\\src\\Illuminate\\Container\\Container.php(706): Illuminate\\Foundation\\Application->resolve('blade.compiler', Array)
#5 D:\\xampp\\htdocs\\Cars_ra\\vendor\\laravel\\framework\\src\\Illuminate\\Foundation\\Application.php(866): Illuminate\\Container\\Container->make('blade.compiler', Array)
#6 D:\\xampp\\htdocs\\Cars_ra\\vendor\\laravel\\framework\\src\\Illuminate\\Container\\Container.php(1431): Illuminate\\Foundation\\Application->make('blade.compiler')
#7 D:\\xampp\\htdocs\\Cars_ra\\vendor\\livewire\\livewire\\src\\LivewireServiceProvider.php(276): Illuminate\\Container\\Container->offsetGet('blade.compiler')
#8 D:\\xampp\\htdocs\\Cars_ra\\vendor\\livewire\\livewire\\src\\LivewireServiceProvider.php(79): Livewire\\LivewireServiceProvider->registerTagCompiler()
#9 D:\\xampp\\htdocs\\Cars_ra\\vendor\\laravel\\framework\\src\\Illuminate\\Container\\BoundMethod.php(36): Livewire\\LivewireServiceProvider->boot()
#10 D:\\xampp\\htdocs\\Cars_ra\\vendor\\laravel\\framework\\src\\Illuminate\\Container\\Util.php(41): Illuminate\\Container\\BoundMethod::Illuminate\\Container\\{closure}()
#11 D:\\xampp\\htdocs\\Cars_ra\\vendor\\laravel\\framework\\src\\Illuminate\\Container\\BoundMethod.php(93): Illuminate\\Container\\Util::unwrapIfClosure(Object(Closure))
#12 D:\\xampp\\htdocs\\Cars_ra\\vendor\\laravel\\framework\\src\\Illuminate\\Container\\BoundMethod.php(35): Illuminate\\Container\\BoundMethod::callBoundMethod(Object(Illuminate\\Foundation\\Application), Array, Object(Closure))
#13 D:\\xampp\\htdocs\\Cars_ra\\vendor\\laravel\\framework\\src\\Illuminate\\Container\\Container.php(661): Illuminate\\Container\\BoundMethod::call(Object(Illuminate\\Foundation\\Application), Array, Array, NULL)
#14 D:\\xampp\\htdocs\\Cars_ra\\vendor\\laravel\\framework\\src\\Illuminate\\Foundation\\Application.php(954): Illuminate\\Container\\Container->call(Array)
#15 D:\\xampp\\htdocs\\Cars_ra\\vendor\\laravel\\framework\\src\\Illuminate\\Foundation\\Application.php(935): Illuminate\\Foundation\\Application->bootProvider(Object(Livewire\\LivewireServiceProvider))
#16 [internal function]: Illuminate\\Foundation\\Application->Illuminate\\Foundation\\{closure}(Object(Livewire\\LivewireServiceProvider), 22)
#17 D:\\xampp\\htdocs\\Cars_ra\\vendor\\laravel\\framework\\src\\Illuminate\\Foundation\\Application.php(934): array_walk(Array, Object(Closure))
#18 D:\\xampp\\htdocs\\Cars_ra\\vendor\\laravel\\framework\\src\\Illuminate\\Foundation\\Bootstrap\\BootProviders.php(17): Illuminate\\Foundation\\Application->boot()
#19 D:\\xampp\\htdocs\\Cars_ra\\vendor\\laravel\\framework\\src\\Illuminate\\Foundation\\Application.php(265): Illuminate\\Foundation\\Bootstrap\\BootProviders->bootstrap(Object(Illuminate\\Foundation\\Application))
#20 D:\\xampp\\htdocs\\Cars_ra\\vendor\\laravel\\framework\\src\\Illuminate\\Foundation\\Console\\Kernel.php(383): Illuminate\\Foundation\\Application->bootstrapWith(Array)
#21 D:\\xampp\\htdocs\\Cars_ra\\vendor\\laravel\\framework\\src\\Illuminate\\Foundation\\Console\\Kernel.php(153): Illuminate\\Foundation\\Console\\Kernel->bootstrap()
#22 Command line code(1): Illuminate\\Foundation\\Console\\Kernel->handle(Object(Symfony\\Component\\Console\\Input\\ArgvInput), Object(Symfony\\Component\\Console\\Output\\ConsoleOutput))
#23 {main}
"} 
[2025-04-30 16:43:38] local.ERROR: Please provide a valid cache path. {"exception":"[object] (InvalidArgumentException(code: 0): Please provide a valid cache path. at D:\\xampp\\htdocs\\Cars_ra\\vendor\\laravel\\framework\\src\\Illuminate\\View\\Compilers\\Compiler.php:66)
[stacktrace]
#0 D:\\xampp\\htdocs\\Cars_ra\\vendor\\laravel\\framework\\src\\Illuminate\\View\\ViewServiceProvider.php(96): Illuminate\\View\\Compilers\\Compiler->__construct(Object(Illuminate\\Filesystem\\Filesystem), false, '', true, 'php')
#1 D:\\xampp\\htdocs\\Cars_ra\\vendor\\laravel\\framework\\src\\Illuminate\\Container\\Container.php(885): Illuminate\\View\\ViewServiceProvider->Illuminate\\View\\{closure}(Object(Illuminate\\Foundation\\Application), Array)
#2 D:\\xampp\\htdocs\\Cars_ra\\vendor\\laravel\\framework\\src\\Illuminate\\Container\\Container.php(770): Illuminate\\Container\\Container->build(Object(Closure))
#3 D:\\xampp\\htdocs\\Cars_ra\\vendor\\laravel\\framework\\src\\Illuminate\\Foundation\\Application.php(881): Illuminate\\Container\\Container->resolve('blade.compiler', Array, true)
#4 D:\\xampp\\htdocs\\Cars_ra\\vendor\\laravel\\framework\\src\\Illuminate\\Container\\Container.php(706): Illuminate\\Foundation\\Application->resolve('blade.compiler', Array)
#5 D:\\xampp\\htdocs\\Cars_ra\\vendor\\laravel\\framework\\src\\Illuminate\\Foundation\\Application.php(866): Illuminate\\Container\\Container->make('blade.compiler', Array)
#6 D:\\xampp\\htdocs\\Cars_ra\\vendor\\laravel\\framework\\src\\Illuminate\\Container\\Container.php(1431): Illuminate\\Foundation\\Application->make('blade.compiler')
#7 D:\\xampp\\htdocs\\Cars_ra\\vendor\\livewire\\livewire\\src\\LivewireServiceProvider.php(276): Illuminate\\Container\\Container->offsetGet('blade.compiler')
#8 D:\\xampp\\htdocs\\Cars_ra\\vendor\\livewire\\livewire\\src\\LivewireServiceProvider.php(79): Livewire\\LivewireServiceProvider->registerTagCompiler()
#9 D:\\xampp\\htdocs\\Cars_ra\\vendor\\laravel\\framework\\src\\Illuminate\\Container\\BoundMethod.php(36): Livewire\\LivewireServiceProvider->boot()
#10 D:\\xampp\\htdocs\\Cars_ra\\vendor\\laravel\\framework\\src\\Illuminate\\Container\\Util.php(41): Illuminate\\Container\\BoundMethod::Illuminate\\Container\\{closure}()
#11 D:\\xampp\\htdocs\\Cars_ra\\vendor\\laravel\\framework\\src\\Illuminate\\Container\\BoundMethod.php(93): Illuminate\\Container\\Util::unwrapIfClosure(Object(Closure))
#12 D:\\xampp\\htdocs\\Cars_ra\\vendor\\laravel\\framework\\src\\Illuminate\\Container\\BoundMethod.php(35): Illuminate\\Container\\BoundMethod::callBoundMethod(Object(Illuminate\\Foundation\\Application), Array, Object(Closure))
#13 D:\\xampp\\htdocs\\Cars_ra\\vendor\\laravel\\framework\\src\\Illuminate\\Container\\Container.php(661): Illuminate\\Container\\BoundMethod::call(Object(Illuminate\\Foundation\\Application), Array, Array, NULL)
#14 D:\\xampp\\htdocs\\Cars_ra\\vendor\\laravel\\framework\\src\\Illuminate\\Foundation\\Application.php(954): Illuminate\\Container\\Container->call(Array)
#15 D:\\xampp\\htdocs\\Cars_ra\\vendor\\laravel\\framework\\src\\Illuminate\\Foundation\\Application.php(935): Illuminate\\Foundation\\Application->bootProvider(Object(Livewire\\LivewireServiceProvider))
#16 [internal function]: Illuminate\\Foundation\\Application->Illuminate\\Foundation\\{closure}(Object(Livewire\\LivewireServiceProvider), 22)
#17 D:\\xampp\\htdocs\\Cars_ra\\vendor\\laravel\\framework\\src\\Illuminate\\Foundation\\Application.php(934): array_walk(Array, Object(Closure))
#18 D:\\xampp\\htdocs\\Cars_ra\\vendor\\laravel\\framework\\src\\Illuminate\\Foundation\\Bootstrap\\BootProviders.php(17): Illuminate\\Foundation\\Application->boot()
#19 D:\\xampp\\htdocs\\Cars_ra\\vendor\\laravel\\framework\\src\\Illuminate\\Foundation\\Application.php(265): Illuminate\\Foundation\\Bootstrap\\BootProviders->bootstrap(Object(Illuminate\\Foundation\\Application))
#20 D:\\xampp\\htdocs\\Cars_ra\\vendor\\laravel\\framework\\src\\Illuminate\\Foundation\\Console\\Kernel.php(383): Illuminate\\Foundation\\Application->bootstrapWith(Array)
#21 D:\\xampp\\htdocs\\Cars_ra\\vendor\\laravel\\framework\\src\\Illuminate\\Foundation\\Console\\Kernel.php(153): Illuminate\\Foundation\\Console\\Kernel->bootstrap()
#22 Command line code(1): Illuminate\\Foundation\\Console\\Kernel->handle(Object(Symfony\\Component\\Console\\Input\\ArgvInput), Object(Symfony\\Component\\Console\\Output\\ConsoleOutput))
#23 {main}
"} 
[2025-04-30 16:43:53] local.ERROR: Please provide a valid cache path. {"exception":"[object] (InvalidArgumentException(code: 0): Please provide a valid cache path. at D:\\xampp\\htdocs\\Cars_ra\\vendor\\laravel\\framework\\src\\Illuminate\\View\\Compilers\\Compiler.php:66)
[stacktrace]
#0 D:\\xampp\\htdocs\\Cars_ra\\vendor\\laravel\\framework\\src\\Illuminate\\View\\ViewServiceProvider.php(96): Illuminate\\View\\Compilers\\Compiler->__construct(Object(Illuminate\\Filesystem\\Filesystem), false, '', true, 'php')
#1 D:\\xampp\\htdocs\\Cars_ra\\vendor\\laravel\\framework\\src\\Illuminate\\Container\\Container.php(885): Illuminate\\View\\ViewServiceProvider->Illuminate\\View\\{closure}(Object(Illuminate\\Foundation\\Application), Array)
#2 D:\\xampp\\htdocs\\Cars_ra\\vendor\\laravel\\framework\\src\\Illuminate\\Container\\Container.php(770): Illuminate\\Container\\Container->build(Object(Closure))
#3 D:\\xampp\\htdocs\\Cars_ra\\vendor\\laravel\\framework\\src\\Illuminate\\Foundation\\Application.php(881): Illuminate\\Container\\Container->resolve('blade.compiler', Array, true)
#4 D:\\xampp\\htdocs\\Cars_ra\\vendor\\laravel\\framework\\src\\Illuminate\\Container\\Container.php(706): Illuminate\\Foundation\\Application->resolve('blade.compiler', Array)
#5 D:\\xampp\\htdocs\\Cars_ra\\vendor\\laravel\\framework\\src\\Illuminate\\Foundation\\Application.php(866): Illuminate\\Container\\Container->make('blade.compiler', Array)
#6 D:\\xampp\\htdocs\\Cars_ra\\vendor\\laravel\\framework\\src\\Illuminate\\Container\\Container.php(1431): Illuminate\\Foundation\\Application->make('blade.compiler')
#7 D:\\xampp\\htdocs\\Cars_ra\\vendor\\livewire\\livewire\\src\\LivewireServiceProvider.php(276): Illuminate\\Container\\Container->offsetGet('blade.compiler')
#8 D:\\xampp\\htdocs\\Cars_ra\\vendor\\livewire\\livewire\\src\\LivewireServiceProvider.php(79): Livewire\\LivewireServiceProvider->registerTagCompiler()
#9 D:\\xampp\\htdocs\\Cars_ra\\vendor\\laravel\\framework\\src\\Illuminate\\Container\\BoundMethod.php(36): Livewire\\LivewireServiceProvider->boot()
#10 D:\\xampp\\htdocs\\Cars_ra\\vendor\\laravel\\framework\\src\\Illuminate\\Container\\Util.php(41): Illuminate\\Container\\BoundMethod::Illuminate\\Container\\{closure}()
#11 D:\\xampp\\htdocs\\Cars_ra\\vendor\\laravel\\framework\\src\\Illuminate\\Container\\BoundMethod.php(93): Illuminate\\Container\\Util::unwrapIfClosure(Object(Closure))
#12 D:\\xampp\\htdocs\\Cars_ra\\vendor\\laravel\\framework\\src\\Illuminate\\Container\\BoundMethod.php(35): Illuminate\\Container\\BoundMethod::callBoundMethod(Object(Illuminate\\Foundation\\Application), Array, Object(Closure))
#13 D:\\xampp\\htdocs\\Cars_ra\\vendor\\laravel\\framework\\src\\Illuminate\\Container\\Container.php(661): Illuminate\\Container\\BoundMethod::call(Object(Illuminate\\Foundation\\Application), Array, Array, NULL)
#14 D:\\xampp\\htdocs\\Cars_ra\\vendor\\laravel\\framework\\src\\Illuminate\\Foundation\\Application.php(954): Illuminate\\Container\\Container->call(Array)
#15 D:\\xampp\\htdocs\\Cars_ra\\vendor\\laravel\\framework\\src\\Illuminate\\Foundation\\Application.php(935): Illuminate\\Foundation\\Application->bootProvider(Object(Livewire\\LivewireServiceProvider))
#16 [internal function]: Illuminate\\Foundation\\Application->Illuminate\\Foundation\\{closure}(Object(Livewire\\LivewireServiceProvider), 22)
#17 D:\\xampp\\htdocs\\Cars_ra\\vendor\\laravel\\framework\\src\\Illuminate\\Foundation\\Application.php(934): array_walk(Array, Object(Closure))
#18 D:\\xampp\\htdocs\\Cars_ra\\vendor\\laravel\\framework\\src\\Illuminate\\Foundation\\Bootstrap\\BootProviders.php(17): Illuminate\\Foundation\\Application->boot()
#19 D:\\xampp\\htdocs\\Cars_ra\\vendor\\laravel\\framework\\src\\Illuminate\\Foundation\\Application.php(265): Illuminate\\Foundation\\Bootstrap\\BootProviders->bootstrap(Object(Illuminate\\Foundation\\Application))
#20 D:\\xampp\\htdocs\\Cars_ra\\vendor\\laravel\\framework\\src\\Illuminate\\Foundation\\Console\\Kernel.php(383): Illuminate\\Foundation\\Application->bootstrapWith(Array)
#21 D:\\xampp\\htdocs\\Cars_ra\\vendor\\laravel\\framework\\src\\Illuminate\\Foundation\\Console\\Kernel.php(153): Illuminate\\Foundation\\Console\\Kernel->bootstrap()
#22 Command line code(1): Illuminate\\Foundation\\Console\\Kernel->handle(Object(Symfony\\Component\\Console\\Input\\ArgvInput), Object(Symfony\\Component\\Console\\Output\\ConsoleOutput))
#23 {main}
"} 
[2025-04-30 16:43:53] local.ERROR: Please provide a valid cache path. {"exception":"[object] (InvalidArgumentException(code: 0): Please provide a valid cache path. at D:\\xampp\\htdocs\\Cars_ra\\vendor\\laravel\\framework\\src\\Illuminate\\View\\Compilers\\Compiler.php:66)
[stacktrace]
#0 D:\\xampp\\htdocs\\Cars_ra\\vendor\\laravel\\framework\\src\\Illuminate\\View\\ViewServiceProvider.php(96): Illuminate\\View\\Compilers\\Compiler->__construct(Object(Illuminate\\Filesystem\\Filesystem), false, '', true, 'php')
#1 D:\\xampp\\htdocs\\Cars_ra\\vendor\\laravel\\framework\\src\\Illuminate\\Container\\Container.php(885): Illuminate\\View\\ViewServiceProvider->Illuminate\\View\\{closure}(Object(Illuminate\\Foundation\\Application), Array)
#2 D:\\xampp\\htdocs\\Cars_ra\\vendor\\laravel\\framework\\src\\Illuminate\\Container\\Container.php(770): Illuminate\\Container\\Container->build(Object(Closure))
#3 D:\\xampp\\htdocs\\Cars_ra\\vendor\\laravel\\framework\\src\\Illuminate\\Foundation\\Application.php(881): Illuminate\\Container\\Container->resolve('blade.compiler', Array, true)
#4 D:\\xampp\\htdocs\\Cars_ra\\vendor\\laravel\\framework\\src\\Illuminate\\Container\\Container.php(706): Illuminate\\Foundation\\Application->resolve('blade.compiler', Array)
#5 D:\\xampp\\htdocs\\Cars_ra\\vendor\\laravel\\framework\\src\\Illuminate\\Foundation\\Application.php(866): Illuminate\\Container\\Container->make('blade.compiler', Array)
#6 D:\\xampp\\htdocs\\Cars_ra\\vendor\\laravel\\framework\\src\\Illuminate\\Container\\Container.php(1431): Illuminate\\Foundation\\Application->make('blade.compiler')
#7 D:\\xampp\\htdocs\\Cars_ra\\vendor\\livewire\\livewire\\src\\LivewireServiceProvider.php(276): Illuminate\\Container\\Container->offsetGet('blade.compiler')
#8 D:\\xampp\\htdocs\\Cars_ra\\vendor\\livewire\\livewire\\src\\LivewireServiceProvider.php(79): Livewire\\LivewireServiceProvider->registerTagCompiler()
#9 D:\\xampp\\htdocs\\Cars_ra\\vendor\\laravel\\framework\\src\\Illuminate\\Container\\BoundMethod.php(36): Livewire\\LivewireServiceProvider->boot()
#10 D:\\xampp\\htdocs\\Cars_ra\\vendor\\laravel\\framework\\src\\Illuminate\\Container\\Util.php(41): Illuminate\\Container\\BoundMethod::Illuminate\\Container\\{closure}()
#11 D:\\xampp\\htdocs\\Cars_ra\\vendor\\laravel\\framework\\src\\Illuminate\\Container\\BoundMethod.php(93): Illuminate\\Container\\Util::unwrapIfClosure(Object(Closure))
#12 D:\\xampp\\htdocs\\Cars_ra\\vendor\\laravel\\framework\\src\\Illuminate\\Container\\BoundMethod.php(35): Illuminate\\Container\\BoundMethod::callBoundMethod(Object(Illuminate\\Foundation\\Application), Array, Object(Closure))
#13 D:\\xampp\\htdocs\\Cars_ra\\vendor\\laravel\\framework\\src\\Illuminate\\Container\\Container.php(661): Illuminate\\Container\\BoundMethod::call(Object(Illuminate\\Foundation\\Application), Array, Array, NULL)
#14 D:\\xampp\\htdocs\\Cars_ra\\vendor\\laravel\\framework\\src\\Illuminate\\Foundation\\Application.php(954): Illuminate\\Container\\Container->call(Array)
#15 D:\\xampp\\htdocs\\Cars_ra\\vendor\\laravel\\framework\\src\\Illuminate\\Foundation\\Application.php(935): Illuminate\\Foundation\\Application->bootProvider(Object(Livewire\\LivewireServiceProvider))
#16 [internal function]: Illuminate\\Foundation\\Application->Illuminate\\Foundation\\{closure}(Object(Livewire\\LivewireServiceProvider), 22)
#17 D:\\xampp\\htdocs\\Cars_ra\\vendor\\laravel\\framework\\src\\Illuminate\\Foundation\\Application.php(934): array_walk(Array, Object(Closure))
#18 D:\\xampp\\htdocs\\Cars_ra\\vendor\\laravel\\framework\\src\\Illuminate\\Foundation\\Bootstrap\\BootProviders.php(17): Illuminate\\Foundation\\Application->boot()
#19 D:\\xampp\\htdocs\\Cars_ra\\vendor\\laravel\\framework\\src\\Illuminate\\Foundation\\Application.php(265): Illuminate\\Foundation\\Bootstrap\\BootProviders->bootstrap(Object(Illuminate\\Foundation\\Application))
#20 D:\\xampp\\htdocs\\Cars_ra\\vendor\\laravel\\framework\\src\\Illuminate\\Foundation\\Console\\Kernel.php(383): Illuminate\\Foundation\\Application->bootstrapWith(Array)
#21 D:\\xampp\\htdocs\\Cars_ra\\vendor\\laravel\\framework\\src\\Illuminate\\Foundation\\Console\\Kernel.php(153): Illuminate\\Foundation\\Console\\Kernel->bootstrap()
#22 Command line code(1): Illuminate\\Foundation\\Console\\Kernel->handle(Object(Symfony\\Component\\Console\\Input\\ArgvInput), Object(Symfony\\Component\\Console\\Output\\ConsoleOutput))
#23 {main}
"} 
[2025-04-30 16:44:49] local.ERROR: Please provide a valid cache path. {"exception":"[object] (InvalidArgumentException(code: 0): Please provide a valid cache path. at D:\\xampp\\htdocs\\Cars_ra\\vendor\\laravel\\framework\\src\\Illuminate\\View\\Compilers\\Compiler.php:66)
[stacktrace]
#0 D:\\xampp\\htdocs\\Cars_ra\\vendor\\laravel\\framework\\src\\Illuminate\\View\\ViewServiceProvider.php(96): Illuminate\\View\\Compilers\\Compiler->__construct(Object(Illuminate\\Filesystem\\Filesystem), false, '', true, 'php')
#1 D:\\xampp\\htdocs\\Cars_ra\\vendor\\laravel\\framework\\src\\Illuminate\\Container\\Container.php(885): Illuminate\\View\\ViewServiceProvider->Illuminate\\View\\{closure}(Object(Illuminate\\Foundation\\Application), Array)
#2 D:\\xampp\\htdocs\\Cars_ra\\vendor\\laravel\\framework\\src\\Illuminate\\Container\\Container.php(770): Illuminate\\Container\\Container->build(Object(Closure))
#3 D:\\xampp\\htdocs\\Cars_ra\\vendor\\laravel\\framework\\src\\Illuminate\\Foundation\\Application.php(881): Illuminate\\Container\\Container->resolve('blade.compiler', Array, true)
#4 D:\\xampp\\htdocs\\Cars_ra\\vendor\\laravel\\framework\\src\\Illuminate\\Container\\Container.php(706): Illuminate\\Foundation\\Application->resolve('blade.compiler', Array)
#5 D:\\xampp\\htdocs\\Cars_ra\\vendor\\laravel\\framework\\src\\Illuminate\\Foundation\\Application.php(866): Illuminate\\Container\\Container->make('blade.compiler', Array)
#6 D:\\xampp\\htdocs\\Cars_ra\\vendor\\laravel\\framework\\src\\Illuminate\\Container\\Container.php(1431): Illuminate\\Foundation\\Application->make('blade.compiler')
#7 D:\\xampp\\htdocs\\Cars_ra\\vendor\\livewire\\livewire\\src\\LivewireServiceProvider.php(276): Illuminate\\Container\\Container->offsetGet('blade.compiler')
#8 D:\\xampp\\htdocs\\Cars_ra\\vendor\\livewire\\livewire\\src\\LivewireServiceProvider.php(79): Livewire\\LivewireServiceProvider->registerTagCompiler()
#9 D:\\xampp\\htdocs\\Cars_ra\\vendor\\laravel\\framework\\src\\Illuminate\\Container\\BoundMethod.php(36): Livewire\\LivewireServiceProvider->boot()
#10 D:\\xampp\\htdocs\\Cars_ra\\vendor\\laravel\\framework\\src\\Illuminate\\Container\\Util.php(41): Illuminate\\Container\\BoundMethod::Illuminate\\Container\\{closure}()
#11 D:\\xampp\\htdocs\\Cars_ra\\vendor\\laravel\\framework\\src\\Illuminate\\Container\\BoundMethod.php(93): Illuminate\\Container\\Util::unwrapIfClosure(Object(Closure))
#12 D:\\xampp\\htdocs\\Cars_ra\\vendor\\laravel\\framework\\src\\Illuminate\\Container\\BoundMethod.php(35): Illuminate\\Container\\BoundMethod::callBoundMethod(Object(Illuminate\\Foundation\\Application), Array, Object(Closure))
#13 D:\\xampp\\htdocs\\Cars_ra\\vendor\\laravel\\framework\\src\\Illuminate\\Container\\Container.php(661): Illuminate\\Container\\BoundMethod::call(Object(Illuminate\\Foundation\\Application), Array, Array, NULL)
#14 D:\\xampp\\htdocs\\Cars_ra\\vendor\\laravel\\framework\\src\\Illuminate\\Foundation\\Application.php(954): Illuminate\\Container\\Container->call(Array)
#15 D:\\xampp\\htdocs\\Cars_ra\\vendor\\laravel\\framework\\src\\Illuminate\\Foundation\\Application.php(935): Illuminate\\Foundation\\Application->bootProvider(Object(Livewire\\LivewireServiceProvider))
#16 [internal function]: Illuminate\\Foundation\\Application->Illuminate\\Foundation\\{closure}(Object(Livewire\\LivewireServiceProvider), 21)
#17 D:\\xampp\\htdocs\\Cars_ra\\vendor\\laravel\\framework\\src\\Illuminate\\Foundation\\Application.php(934): array_walk(Array, Object(Closure))
#18 D:\\xampp\\htdocs\\Cars_ra\\vendor\\laravel\\framework\\src\\Illuminate\\Foundation\\Bootstrap\\BootProviders.php(17): Illuminate\\Foundation\\Application->boot()
#19 D:\\xampp\\htdocs\\Cars_ra\\vendor\\laravel\\framework\\src\\Illuminate\\Foundation\\Application.php(265): Illuminate\\Foundation\\Bootstrap\\BootProviders->bootstrap(Object(Illuminate\\Foundation\\Application))
#20 D:\\xampp\\htdocs\\Cars_ra\\vendor\\laravel\\framework\\src\\Illuminate\\Foundation\\Console\\Kernel.php(383): Illuminate\\Foundation\\Application->bootstrapWith(Array)
#21 D:\\xampp\\htdocs\\Cars_ra\\vendor\\laravel\\framework\\src\\Illuminate\\Foundation\\Console\\Kernel.php(153): Illuminate\\Foundation\\Console\\Kernel->bootstrap()
#22 D:\\xampp\\htdocs\\Cars_ra\\artisan(35): Illuminate\\Foundation\\Console\\Kernel->handle(Object(Symfony\\Component\\Console\\Input\\ArgvInput), Object(Symfony\\Component\\Console\\Output\\ConsoleOutput))
#23 {main}
"} 
[2025-04-30 16:44:53] local.ERROR: Please provide a valid cache path. {"exception":"[object] (InvalidArgumentException(code: 0): Please provide a valid cache path. at D:\\xampp\\htdocs\\Cars_ra\\vendor\\laravel\\framework\\src\\Illuminate\\View\\Compilers\\Compiler.php:66)
[stacktrace]
#0 D:\\xampp\\htdocs\\Cars_ra\\vendor\\laravel\\framework\\src\\Illuminate\\View\\ViewServiceProvider.php(96): Illuminate\\View\\Compilers\\Compiler->__construct(Object(Illuminate\\Filesystem\\Filesystem), false, '', true, 'php')
#1 D:\\xampp\\htdocs\\Cars_ra\\vendor\\laravel\\framework\\src\\Illuminate\\Container\\Container.php(885): Illuminate\\View\\ViewServiceProvider->Illuminate\\View\\{closure}(Object(Illuminate\\Foundation\\Application), Array)
#2 D:\\xampp\\htdocs\\Cars_ra\\vendor\\laravel\\framework\\src\\Illuminate\\Container\\Container.php(770): Illuminate\\Container\\Container->build(Object(Closure))
#3 D:\\xampp\\htdocs\\Cars_ra\\vendor\\laravel\\framework\\src\\Illuminate\\Foundation\\Application.php(881): Illuminate\\Container\\Container->resolve('blade.compiler', Array, true)
#4 D:\\xampp\\htdocs\\Cars_ra\\vendor\\laravel\\framework\\src\\Illuminate\\Container\\Container.php(706): Illuminate\\Foundation\\Application->resolve('blade.compiler', Array)
#5 D:\\xampp\\htdocs\\Cars_ra\\vendor\\laravel\\framework\\src\\Illuminate\\Foundation\\Application.php(866): Illuminate\\Container\\Container->make('blade.compiler', Array)
#6 D:\\xampp\\htdocs\\Cars_ra\\vendor\\laravel\\framework\\src\\Illuminate\\Container\\Container.php(1431): Illuminate\\Foundation\\Application->make('blade.compiler')
#7 D:\\xampp\\htdocs\\Cars_ra\\vendor\\livewire\\livewire\\src\\LivewireServiceProvider.php(276): Illuminate\\Container\\Container->offsetGet('blade.compiler')
#8 D:\\xampp\\htdocs\\Cars_ra\\vendor\\livewire\\livewire\\src\\LivewireServiceProvider.php(79): Livewire\\LivewireServiceProvider->registerTagCompiler()
#9 D:\\xampp\\htdocs\\Cars_ra\\vendor\\laravel\\framework\\src\\Illuminate\\Container\\BoundMethod.php(36): Livewire\\LivewireServiceProvider->boot()
#10 D:\\xampp\\htdocs\\Cars_ra\\vendor\\laravel\\framework\\src\\Illuminate\\Container\\Util.php(41): Illuminate\\Container\\BoundMethod::Illuminate\\Container\\{closure}()
#11 D:\\xampp\\htdocs\\Cars_ra\\vendor\\laravel\\framework\\src\\Illuminate\\Container\\BoundMethod.php(93): Illuminate\\Container\\Util::unwrapIfClosure(Object(Closure))
#12 D:\\xampp\\htdocs\\Cars_ra\\vendor\\laravel\\framework\\src\\Illuminate\\Container\\BoundMethod.php(35): Illuminate\\Container\\BoundMethod::callBoundMethod(Object(Illuminate\\Foundation\\Application), Array, Object(Closure))
#13 D:\\xampp\\htdocs\\Cars_ra\\vendor\\laravel\\framework\\src\\Illuminate\\Container\\Container.php(661): Illuminate\\Container\\BoundMethod::call(Object(Illuminate\\Foundation\\Application), Array, Array, NULL)
#14 D:\\xampp\\htdocs\\Cars_ra\\vendor\\laravel\\framework\\src\\Illuminate\\Foundation\\Application.php(954): Illuminate\\Container\\Container->call(Array)
#15 D:\\xampp\\htdocs\\Cars_ra\\vendor\\laravel\\framework\\src\\Illuminate\\Foundation\\Application.php(935): Illuminate\\Foundation\\Application->bootProvider(Object(Livewire\\LivewireServiceProvider))
#16 [internal function]: Illuminate\\Foundation\\Application->Illuminate\\Foundation\\{closure}(Object(Livewire\\LivewireServiceProvider), 22)
#17 D:\\xampp\\htdocs\\Cars_ra\\vendor\\laravel\\framework\\src\\Illuminate\\Foundation\\Application.php(934): array_walk(Array, Object(Closure))
#18 D:\\xampp\\htdocs\\Cars_ra\\vendor\\laravel\\framework\\src\\Illuminate\\Foundation\\Bootstrap\\BootProviders.php(17): Illuminate\\Foundation\\Application->boot()
#19 D:\\xampp\\htdocs\\Cars_ra\\vendor\\laravel\\framework\\src\\Illuminate\\Foundation\\Application.php(265): Illuminate\\Foundation\\Bootstrap\\BootProviders->bootstrap(Object(Illuminate\\Foundation\\Application))
#20 D:\\xampp\\htdocs\\Cars_ra\\vendor\\laravel\\framework\\src\\Illuminate\\Foundation\\Console\\Kernel.php(383): Illuminate\\Foundation\\Application->bootstrapWith(Array)
#21 D:\\xampp\\htdocs\\Cars_ra\\vendor\\laravel\\framework\\src\\Illuminate\\Foundation\\Console\\Kernel.php(153): Illuminate\\Foundation\\Console\\Kernel->bootstrap()
#22 Command line code(1): Illuminate\\Foundation\\Console\\Kernel->handle(Object(Symfony\\Component\\Console\\Input\\ArgvInput), Object(Symfony\\Component\\Console\\Output\\ConsoleOutput))
#23 {main}
"} 
[2025-04-30 16:44:53] local.ERROR: Please provide a valid cache path. {"exception":"[object] (InvalidArgumentException(code: 0): Please provide a valid cache path. at D:\\xampp\\htdocs\\Cars_ra\\vendor\\laravel\\framework\\src\\Illuminate\\View\\Compilers\\Compiler.php:66)
[stacktrace]
#0 D:\\xampp\\htdocs\\Cars_ra\\vendor\\laravel\\framework\\src\\Illuminate\\View\\ViewServiceProvider.php(96): Illuminate\\View\\Compilers\\Compiler->__construct(Object(Illuminate\\Filesystem\\Filesystem), false, '', true, 'php')
#1 D:\\xampp\\htdocs\\Cars_ra\\vendor\\laravel\\framework\\src\\Illuminate\\Container\\Container.php(885): Illuminate\\View\\ViewServiceProvider->Illuminate\\View\\{closure}(Object(Illuminate\\Foundation\\Application), Array)
#2 D:\\xampp\\htdocs\\Cars_ra\\vendor\\laravel\\framework\\src\\Illuminate\\Container\\Container.php(770): Illuminate\\Container\\Container->build(Object(Closure))
#3 D:\\xampp\\htdocs\\Cars_ra\\vendor\\laravel\\framework\\src\\Illuminate\\Foundation\\Application.php(881): Illuminate\\Container\\Container->resolve('blade.compiler', Array, true)
#4 D:\\xampp\\htdocs\\Cars_ra\\vendor\\laravel\\framework\\src\\Illuminate\\Container\\Container.php(706): Illuminate\\Foundation\\Application->resolve('blade.compiler', Array)
#5 D:\\xampp\\htdocs\\Cars_ra\\vendor\\laravel\\framework\\src\\Illuminate\\Foundation\\Application.php(866): Illuminate\\Container\\Container->make('blade.compiler', Array)
#6 D:\\xampp\\htdocs\\Cars_ra\\vendor\\laravel\\framework\\src\\Illuminate\\Container\\Container.php(1431): Illuminate\\Foundation\\Application->make('blade.compiler')
#7 D:\\xampp\\htdocs\\Cars_ra\\vendor\\livewire\\livewire\\src\\LivewireServiceProvider.php(276): Illuminate\\Container\\Container->offsetGet('blade.compiler')
#8 D:\\xampp\\htdocs\\Cars_ra\\vendor\\livewire\\livewire\\src\\LivewireServiceProvider.php(79): Livewire\\LivewireServiceProvider->registerTagCompiler()
#9 D:\\xampp\\htdocs\\Cars_ra\\vendor\\laravel\\framework\\src\\Illuminate\\Container\\BoundMethod.php(36): Livewire\\LivewireServiceProvider->boot()
#10 D:\\xampp\\htdocs\\Cars_ra\\vendor\\laravel\\framework\\src\\Illuminate\\Container\\Util.php(41): Illuminate\\Container\\BoundMethod::Illuminate\\Container\\{closure}()
#11 D:\\xampp\\htdocs\\Cars_ra\\vendor\\laravel\\framework\\src\\Illuminate\\Container\\BoundMethod.php(93): Illuminate\\Container\\Util::unwrapIfClosure(Object(Closure))
#12 D:\\xampp\\htdocs\\Cars_ra\\vendor\\laravel\\framework\\src\\Illuminate\\Container\\BoundMethod.php(35): Illuminate\\Container\\BoundMethod::callBoundMethod(Object(Illuminate\\Foundation\\Application), Array, Object(Closure))
#13 D:\\xampp\\htdocs\\Cars_ra\\vendor\\laravel\\framework\\src\\Illuminate\\Container\\Container.php(661): Illuminate\\Container\\BoundMethod::call(Object(Illuminate\\Foundation\\Application), Array, Array, NULL)
#14 D:\\xampp\\htdocs\\Cars_ra\\vendor\\laravel\\framework\\src\\Illuminate\\Foundation\\Application.php(954): Illuminate\\Container\\Container->call(Array)
#15 D:\\xampp\\htdocs\\Cars_ra\\vendor\\laravel\\framework\\src\\Illuminate\\Foundation\\Application.php(935): Illuminate\\Foundation\\Application->bootProvider(Object(Livewire\\LivewireServiceProvider))
#16 [internal function]: Illuminate\\Foundation\\Application->Illuminate\\Foundation\\{closure}(Object(Livewire\\LivewireServiceProvider), 22)
#17 D:\\xampp\\htdocs\\Cars_ra\\vendor\\laravel\\framework\\src\\Illuminate\\Foundation\\Application.php(934): array_walk(Array, Object(Closure))
#18 D:\\xampp\\htdocs\\Cars_ra\\vendor\\laravel\\framework\\src\\Illuminate\\Foundation\\Bootstrap\\BootProviders.php(17): Illuminate\\Foundation\\Application->boot()
#19 D:\\xampp\\htdocs\\Cars_ra\\vendor\\laravel\\framework\\src\\Illuminate\\Foundation\\Application.php(265): Illuminate\\Foundation\\Bootstrap\\BootProviders->bootstrap(Object(Illuminate\\Foundation\\Application))
#20 D:\\xampp\\htdocs\\Cars_ra\\vendor\\laravel\\framework\\src\\Illuminate\\Foundation\\Console\\Kernel.php(383): Illuminate\\Foundation\\Application->bootstrapWith(Array)
#21 D:\\xampp\\htdocs\\Cars_ra\\vendor\\laravel\\framework\\src\\Illuminate\\Foundation\\Console\\Kernel.php(153): Illuminate\\Foundation\\Console\\Kernel->bootstrap()
#22 Command line code(1): Illuminate\\Foundation\\Console\\Kernel->handle(Object(Symfony\\Component\\Console\\Input\\ArgvInput), Object(Symfony\\Component\\Console\\Output\\ConsoleOutput))
#23 {main}
"} 
[2025-04-30 16:44:54] local.ERROR: Please provide a valid cache path. {"exception":"[object] (InvalidArgumentException(code: 0): Please provide a valid cache path. at D:\\xampp\\htdocs\\Cars_ra\\vendor\\laravel\\framework\\src\\Illuminate\\View\\Compilers\\Compiler.php:66)
[stacktrace]
#0 D:\\xampp\\htdocs\\Cars_ra\\vendor\\laravel\\framework\\src\\Illuminate\\View\\ViewServiceProvider.php(96): Illuminate\\View\\Compilers\\Compiler->__construct(Object(Illuminate\\Filesystem\\Filesystem), false, '', true, 'php')
#1 D:\\xampp\\htdocs\\Cars_ra\\vendor\\laravel\\framework\\src\\Illuminate\\Container\\Container.php(885): Illuminate\\View\\ViewServiceProvider->Illuminate\\View\\{closure}(Object(Illuminate\\Foundation\\Application), Array)
#2 D:\\xampp\\htdocs\\Cars_ra\\vendor\\laravel\\framework\\src\\Illuminate\\Container\\Container.php(770): Illuminate\\Container\\Container->build(Object(Closure))
#3 D:\\xampp\\htdocs\\Cars_ra\\vendor\\laravel\\framework\\src\\Illuminate\\Foundation\\Application.php(881): Illuminate\\Container\\Container->resolve('blade.compiler', Array, true)
#4 D:\\xampp\\htdocs\\Cars_ra\\vendor\\laravel\\framework\\src\\Illuminate\\Container\\Container.php(706): Illuminate\\Foundation\\Application->resolve('blade.compiler', Array)
#5 D:\\xampp\\htdocs\\Cars_ra\\vendor\\laravel\\framework\\src\\Illuminate\\Foundation\\Application.php(866): Illuminate\\Container\\Container->make('blade.compiler', Array)
#6 D:\\xampp\\htdocs\\Cars_ra\\vendor\\laravel\\framework\\src\\Illuminate\\Container\\Container.php(1431): Illuminate\\Foundation\\Application->make('blade.compiler')
#7 D:\\xampp\\htdocs\\Cars_ra\\vendor\\livewire\\livewire\\src\\LivewireServiceProvider.php(276): Illuminate\\Container\\Container->offsetGet('blade.compiler')
#8 D:\\xampp\\htdocs\\Cars_ra\\vendor\\livewire\\livewire\\src\\LivewireServiceProvider.php(79): Livewire\\LivewireServiceProvider->registerTagCompiler()
#9 D:\\xampp\\htdocs\\Cars_ra\\vendor\\laravel\\framework\\src\\Illuminate\\Container\\BoundMethod.php(36): Livewire\\LivewireServiceProvider->boot()
#10 D:\\xampp\\htdocs\\Cars_ra\\vendor\\laravel\\framework\\src\\Illuminate\\Container\\Util.php(41): Illuminate\\Container\\BoundMethod::Illuminate\\Container\\{closure}()
#11 D:\\xampp\\htdocs\\Cars_ra\\vendor\\laravel\\framework\\src\\Illuminate\\Container\\BoundMethod.php(93): Illuminate\\Container\\Util::unwrapIfClosure(Object(Closure))
#12 D:\\xampp\\htdocs\\Cars_ra\\vendor\\laravel\\framework\\src\\Illuminate\\Container\\BoundMethod.php(35): Illuminate\\Container\\BoundMethod::callBoundMethod(Object(Illuminate\\Foundation\\Application), Array, Object(Closure))
#13 D:\\xampp\\htdocs\\Cars_ra\\vendor\\laravel\\framework\\src\\Illuminate\\Container\\Container.php(661): Illuminate\\Container\\BoundMethod::call(Object(Illuminate\\Foundation\\Application), Array, Array, NULL)
#14 D:\\xampp\\htdocs\\Cars_ra\\vendor\\laravel\\framework\\src\\Illuminate\\Foundation\\Application.php(954): Illuminate\\Container\\Container->call(Array)
#15 D:\\xampp\\htdocs\\Cars_ra\\vendor\\laravel\\framework\\src\\Illuminate\\Foundation\\Application.php(935): Illuminate\\Foundation\\Application->bootProvider(Object(Livewire\\LivewireServiceProvider))
#16 [internal function]: Illuminate\\Foundation\\Application->Illuminate\\Foundation\\{closure}(Object(Livewire\\LivewireServiceProvider), 22)
#17 D:\\xampp\\htdocs\\Cars_ra\\vendor\\laravel\\framework\\src\\Illuminate\\Foundation\\Application.php(934): array_walk(Array, Object(Closure))
#18 D:\\xampp\\htdocs\\Cars_ra\\vendor\\laravel\\framework\\src\\Illuminate\\Foundation\\Bootstrap\\BootProviders.php(17): Illuminate\\Foundation\\Application->boot()
#19 D:\\xampp\\htdocs\\Cars_ra\\vendor\\laravel\\framework\\src\\Illuminate\\Foundation\\Application.php(265): Illuminate\\Foundation\\Bootstrap\\BootProviders->bootstrap(Object(Illuminate\\Foundation\\Application))
#20 D:\\xampp\\htdocs\\Cars_ra\\vendor\\laravel\\framework\\src\\Illuminate\\Foundation\\Console\\Kernel.php(383): Illuminate\\Foundation\\Application->bootstrapWith(Array)
#21 D:\\xampp\\htdocs\\Cars_ra\\vendor\\laravel\\framework\\src\\Illuminate\\Foundation\\Console\\Kernel.php(153): Illuminate\\Foundation\\Console\\Kernel->bootstrap()
#22 Command line code(1): Illuminate\\Foundation\\Console\\Kernel->handle(Object(Symfony\\Component\\Console\\Input\\ArgvInput), Object(Symfony\\Component\\Console\\Output\\ConsoleOutput))
#23 {main}
"} 
[2025-04-30 16:44:55] local.ERROR: Please provide a valid cache path. {"exception":"[object] (InvalidArgumentException(code: 0): Please provide a valid cache path. at D:\\xampp\\htdocs\\Cars_ra\\vendor\\laravel\\framework\\src\\Illuminate\\View\\Compilers\\Compiler.php:66)
[stacktrace]
#0 D:\\xampp\\htdocs\\Cars_ra\\vendor\\laravel\\framework\\src\\Illuminate\\View\\ViewServiceProvider.php(96): Illuminate\\View\\Compilers\\Compiler->__construct(Object(Illuminate\\Filesystem\\Filesystem), false, '', true, 'php')
#1 D:\\xampp\\htdocs\\Cars_ra\\vendor\\laravel\\framework\\src\\Illuminate\\Container\\Container.php(885): Illuminate\\View\\ViewServiceProvider->Illuminate\\View\\{closure}(Object(Illuminate\\Foundation\\Application), Array)
#2 D:\\xampp\\htdocs\\Cars_ra\\vendor\\laravel\\framework\\src\\Illuminate\\Container\\Container.php(770): Illuminate\\Container\\Container->build(Object(Closure))
#3 D:\\xampp\\htdocs\\Cars_ra\\vendor\\laravel\\framework\\src\\Illuminate\\Foundation\\Application.php(881): Illuminate\\Container\\Container->resolve('blade.compiler', Array, true)
#4 D:\\xampp\\htdocs\\Cars_ra\\vendor\\laravel\\framework\\src\\Illuminate\\Container\\Container.php(706): Illuminate\\Foundation\\Application->resolve('blade.compiler', Array)
#5 D:\\xampp\\htdocs\\Cars_ra\\vendor\\laravel\\framework\\src\\Illuminate\\Foundation\\Application.php(866): Illuminate\\Container\\Container->make('blade.compiler', Array)
#6 D:\\xampp\\htdocs\\Cars_ra\\vendor\\laravel\\framework\\src\\Illuminate\\Container\\Container.php(1431): Illuminate\\Foundation\\Application->make('blade.compiler')
#7 D:\\xampp\\htdocs\\Cars_ra\\vendor\\livewire\\livewire\\src\\LivewireServiceProvider.php(276): Illuminate\\Container\\Container->offsetGet('blade.compiler')
#8 D:\\xampp\\htdocs\\Cars_ra\\vendor\\livewire\\livewire\\src\\LivewireServiceProvider.php(79): Livewire\\LivewireServiceProvider->registerTagCompiler()
#9 D:\\xampp\\htdocs\\Cars_ra\\vendor\\laravel\\framework\\src\\Illuminate\\Container\\BoundMethod.php(36): Livewire\\LivewireServiceProvider->boot()
#10 D:\\xampp\\htdocs\\Cars_ra\\vendor\\laravel\\framework\\src\\Illuminate\\Container\\Util.php(41): Illuminate\\Container\\BoundMethod::Illuminate\\Container\\{closure}()
#11 D:\\xampp\\htdocs\\Cars_ra\\vendor\\laravel\\framework\\src\\Illuminate\\Container\\BoundMethod.php(93): Illuminate\\Container\\Util::unwrapIfClosure(Object(Closure))
#12 D:\\xampp\\htdocs\\Cars_ra\\vendor\\laravel\\framework\\src\\Illuminate\\Container\\BoundMethod.php(35): Illuminate\\Container\\BoundMethod::callBoundMethod(Object(Illuminate\\Foundation\\Application), Array, Object(Closure))
#13 D:\\xampp\\htdocs\\Cars_ra\\vendor\\laravel\\framework\\src\\Illuminate\\Container\\Container.php(661): Illuminate\\Container\\BoundMethod::call(Object(Illuminate\\Foundation\\Application), Array, Array, NULL)
#14 D:\\xampp\\htdocs\\Cars_ra\\vendor\\laravel\\framework\\src\\Illuminate\\Foundation\\Application.php(954): Illuminate\\Container\\Container->call(Array)
#15 D:\\xampp\\htdocs\\Cars_ra\\vendor\\laravel\\framework\\src\\Illuminate\\Foundation\\Application.php(935): Illuminate\\Foundation\\Application->bootProvider(Object(Livewire\\LivewireServiceProvider))
#16 [internal function]: Illuminate\\Foundation\\Application->Illuminate\\Foundation\\{closure}(Object(Livewire\\LivewireServiceProvider), 22)
#17 D:\\xampp\\htdocs\\Cars_ra\\vendor\\laravel\\framework\\src\\Illuminate\\Foundation\\Application.php(934): array_walk(Array, Object(Closure))
#18 D:\\xampp\\htdocs\\Cars_ra\\vendor\\laravel\\framework\\src\\Illuminate\\Foundation\\Bootstrap\\BootProviders.php(17): Illuminate\\Foundation\\Application->boot()
#19 D:\\xampp\\htdocs\\Cars_ra\\vendor\\laravel\\framework\\src\\Illuminate\\Foundation\\Application.php(265): Illuminate\\Foundation\\Bootstrap\\BootProviders->bootstrap(Object(Illuminate\\Foundation\\Application))
#20 D:\\xampp\\htdocs\\Cars_ra\\vendor\\laravel\\framework\\src\\Illuminate\\Foundation\\Console\\Kernel.php(383): Illuminate\\Foundation\\Application->bootstrapWith(Array)
#21 D:\\xampp\\htdocs\\Cars_ra\\vendor\\laravel\\framework\\src\\Illuminate\\Foundation\\Console\\Kernel.php(153): Illuminate\\Foundation\\Console\\Kernel->bootstrap()
#22 Command line code(1): Illuminate\\Foundation\\Console\\Kernel->handle(Object(Symfony\\Component\\Console\\Input\\ArgvInput), Object(Symfony\\Component\\Console\\Output\\ConsoleOutput))
#23 {main}
"} 
[2025-04-30 16:45:53] local.ERROR: Please provide a valid cache path. {"exception":"[object] (InvalidArgumentException(code: 0): Please provide a valid cache path. at D:\\xampp\\htdocs\\Cars_ra\\vendor\\laravel\\framework\\src\\Illuminate\\View\\Compilers\\Compiler.php:66)
[stacktrace]
#0 D:\\xampp\\htdocs\\Cars_ra\\vendor\\laravel\\framework\\src\\Illuminate\\View\\ViewServiceProvider.php(96): Illuminate\\View\\Compilers\\Compiler->__construct(Object(Illuminate\\Filesystem\\Filesystem), false, '', true, 'php')
#1 D:\\xampp\\htdocs\\Cars_ra\\vendor\\laravel\\framework\\src\\Illuminate\\Container\\Container.php(885): Illuminate\\View\\ViewServiceProvider->Illuminate\\View\\{closure}(Object(Illuminate\\Foundation\\Application), Array)
#2 D:\\xampp\\htdocs\\Cars_ra\\vendor\\laravel\\framework\\src\\Illuminate\\Container\\Container.php(770): Illuminate\\Container\\Container->build(Object(Closure))
#3 D:\\xampp\\htdocs\\Cars_ra\\vendor\\laravel\\framework\\src\\Illuminate\\Foundation\\Application.php(881): Illuminate\\Container\\Container->resolve('blade.compiler', Array, true)
#4 D:\\xampp\\htdocs\\Cars_ra\\vendor\\laravel\\framework\\src\\Illuminate\\Container\\Container.php(706): Illuminate\\Foundation\\Application->resolve('blade.compiler', Array)
#5 D:\\xampp\\htdocs\\Cars_ra\\vendor\\laravel\\framework\\src\\Illuminate\\Foundation\\Application.php(866): Illuminate\\Container\\Container->make('blade.compiler', Array)
#6 D:\\xampp\\htdocs\\Cars_ra\\vendor\\laravel\\framework\\src\\Illuminate\\Container\\Container.php(1431): Illuminate\\Foundation\\Application->make('blade.compiler')
#7 D:\\xampp\\htdocs\\Cars_ra\\vendor\\livewire\\livewire\\src\\LivewireServiceProvider.php(276): Illuminate\\Container\\Container->offsetGet('blade.compiler')
#8 D:\\xampp\\htdocs\\Cars_ra\\vendor\\livewire\\livewire\\src\\LivewireServiceProvider.php(79): Livewire\\LivewireServiceProvider->registerTagCompiler()
#9 D:\\xampp\\htdocs\\Cars_ra\\vendor\\laravel\\framework\\src\\Illuminate\\Container\\BoundMethod.php(36): Livewire\\LivewireServiceProvider->boot()
#10 D:\\xampp\\htdocs\\Cars_ra\\vendor\\laravel\\framework\\src\\Illuminate\\Container\\Util.php(41): Illuminate\\Container\\BoundMethod::Illuminate\\Container\\{closure}()
#11 D:\\xampp\\htdocs\\Cars_ra\\vendor\\laravel\\framework\\src\\Illuminate\\Container\\BoundMethod.php(93): Illuminate\\Container\\Util::unwrapIfClosure(Object(Closure))
#12 D:\\xampp\\htdocs\\Cars_ra\\vendor\\laravel\\framework\\src\\Illuminate\\Container\\BoundMethod.php(35): Illuminate\\Container\\BoundMethod::callBoundMethod(Object(Illuminate\\Foundation\\Application), Array, Object(Closure))
#13 D:\\xampp\\htdocs\\Cars_ra\\vendor\\laravel\\framework\\src\\Illuminate\\Container\\Container.php(661): Illuminate\\Container\\BoundMethod::call(Object(Illuminate\\Foundation\\Application), Array, Array, NULL)
#14 D:\\xampp\\htdocs\\Cars_ra\\vendor\\laravel\\framework\\src\\Illuminate\\Foundation\\Application.php(954): Illuminate\\Container\\Container->call(Array)
#15 D:\\xampp\\htdocs\\Cars_ra\\vendor\\laravel\\framework\\src\\Illuminate\\Foundation\\Application.php(935): Illuminate\\Foundation\\Application->bootProvider(Object(Livewire\\LivewireServiceProvider))
#16 [internal function]: Illuminate\\Foundation\\Application->Illuminate\\Foundation\\{closure}(Object(Livewire\\LivewireServiceProvider), 22)
#17 D:\\xampp\\htdocs\\Cars_ra\\vendor\\laravel\\framework\\src\\Illuminate\\Foundation\\Application.php(934): array_walk(Array, Object(Closure))
#18 D:\\xampp\\htdocs\\Cars_ra\\vendor\\laravel\\framework\\src\\Illuminate\\Foundation\\Bootstrap\\BootProviders.php(17): Illuminate\\Foundation\\Application->boot()
#19 D:\\xampp\\htdocs\\Cars_ra\\vendor\\laravel\\framework\\src\\Illuminate\\Foundation\\Application.php(265): Illuminate\\Foundation\\Bootstrap\\BootProviders->bootstrap(Object(Illuminate\\Foundation\\Application))
#20 D:\\xampp\\htdocs\\Cars_ra\\vendor\\laravel\\framework\\src\\Illuminate\\Foundation\\Console\\Kernel.php(383): Illuminate\\Foundation\\Application->bootstrapWith(Array)
#21 D:\\xampp\\htdocs\\Cars_ra\\vendor\\laravel\\framework\\src\\Illuminate\\Foundation\\Console\\Kernel.php(153): Illuminate\\Foundation\\Console\\Kernel->bootstrap()
#22 Command line code(1): Illuminate\\Foundation\\Console\\Kernel->handle(Object(Symfony\\Component\\Console\\Input\\ArgvInput), Object(Symfony\\Component\\Console\\Output\\ConsoleOutput))
#23 {main}
"} 
[2025-04-30 16:45:53] local.ERROR: Please provide a valid cache path. {"exception":"[object] (InvalidArgumentException(code: 0): Please provide a valid cache path. at D:\\xampp\\htdocs\\Cars_ra\\vendor\\laravel\\framework\\src\\Illuminate\\View\\Compilers\\Compiler.php:66)
[stacktrace]
#0 D:\\xampp\\htdocs\\Cars_ra\\vendor\\laravel\\framework\\src\\Illuminate\\View\\ViewServiceProvider.php(96): Illuminate\\View\\Compilers\\Compiler->__construct(Object(Illuminate\\Filesystem\\Filesystem), false, '', true, 'php')
#1 D:\\xampp\\htdocs\\Cars_ra\\vendor\\laravel\\framework\\src\\Illuminate\\Container\\Container.php(885): Illuminate\\View\\ViewServiceProvider->Illuminate\\View\\{closure}(Object(Illuminate\\Foundation\\Application), Array)
#2 D:\\xampp\\htdocs\\Cars_ra\\vendor\\laravel\\framework\\src\\Illuminate\\Container\\Container.php(770): Illuminate\\Container\\Container->build(Object(Closure))
#3 D:\\xampp\\htdocs\\Cars_ra\\vendor\\laravel\\framework\\src\\Illuminate\\Foundation\\Application.php(881): Illuminate\\Container\\Container->resolve('blade.compiler', Array, true)
#4 D:\\xampp\\htdocs\\Cars_ra\\vendor\\laravel\\framework\\src\\Illuminate\\Container\\Container.php(706): Illuminate\\Foundation\\Application->resolve('blade.compiler', Array)
#5 D:\\xampp\\htdocs\\Cars_ra\\vendor\\laravel\\framework\\src\\Illuminate\\Foundation\\Application.php(866): Illuminate\\Container\\Container->make('blade.compiler', Array)
#6 D:\\xampp\\htdocs\\Cars_ra\\vendor\\laravel\\framework\\src\\Illuminate\\Container\\Container.php(1431): Illuminate\\Foundation\\Application->make('blade.compiler')
#7 D:\\xampp\\htdocs\\Cars_ra\\vendor\\livewire\\livewire\\src\\LivewireServiceProvider.php(276): Illuminate\\Container\\Container->offsetGet('blade.compiler')
#8 D:\\xampp\\htdocs\\Cars_ra\\vendor\\livewire\\livewire\\src\\LivewireServiceProvider.php(79): Livewire\\LivewireServiceProvider->registerTagCompiler()
#9 D:\\xampp\\htdocs\\Cars_ra\\vendor\\laravel\\framework\\src\\Illuminate\\Container\\BoundMethod.php(36): Livewire\\LivewireServiceProvider->boot()
#10 D:\\xampp\\htdocs\\Cars_ra\\vendor\\laravel\\framework\\src\\Illuminate\\Container\\Util.php(41): Illuminate\\Container\\BoundMethod::Illuminate\\Container\\{closure}()
#11 D:\\xampp\\htdocs\\Cars_ra\\vendor\\laravel\\framework\\src\\Illuminate\\Container\\BoundMethod.php(93): Illuminate\\Container\\Util::unwrapIfClosure(Object(Closure))
#12 D:\\xampp\\htdocs\\Cars_ra\\vendor\\laravel\\framework\\src\\Illuminate\\Container\\BoundMethod.php(35): Illuminate\\Container\\BoundMethod::callBoundMethod(Object(Illuminate\\Foundation\\Application), Array, Object(Closure))
#13 D:\\xampp\\htdocs\\Cars_ra\\vendor\\laravel\\framework\\src\\Illuminate\\Container\\Container.php(661): Illuminate\\Container\\BoundMethod::call(Object(Illuminate\\Foundation\\Application), Array, Array, NULL)
#14 D:\\xampp\\htdocs\\Cars_ra\\vendor\\laravel\\framework\\src\\Illuminate\\Foundation\\Application.php(954): Illuminate\\Container\\Container->call(Array)
#15 D:\\xampp\\htdocs\\Cars_ra\\vendor\\laravel\\framework\\src\\Illuminate\\Foundation\\Application.php(935): Illuminate\\Foundation\\Application->bootProvider(Object(Livewire\\LivewireServiceProvider))
#16 [internal function]: Illuminate\\Foundation\\Application->Illuminate\\Foundation\\{closure}(Object(Livewire\\LivewireServiceProvider), 22)
#17 D:\\xampp\\htdocs\\Cars_ra\\vendor\\laravel\\framework\\src\\Illuminate\\Foundation\\Application.php(934): array_walk(Array, Object(Closure))
#18 D:\\xampp\\htdocs\\Cars_ra\\vendor\\laravel\\framework\\src\\Illuminate\\Foundation\\Bootstrap\\BootProviders.php(17): Illuminate\\Foundation\\Application->boot()
#19 D:\\xampp\\htdocs\\Cars_ra\\vendor\\laravel\\framework\\src\\Illuminate\\Foundation\\Application.php(265): Illuminate\\Foundation\\Bootstrap\\BootProviders->bootstrap(Object(Illuminate\\Foundation\\Application))
#20 D:\\xampp\\htdocs\\Cars_ra\\vendor\\laravel\\framework\\src\\Illuminate\\Foundation\\Console\\Kernel.php(383): Illuminate\\Foundation\\Application->bootstrapWith(Array)
#21 D:\\xampp\\htdocs\\Cars_ra\\vendor\\laravel\\framework\\src\\Illuminate\\Foundation\\Console\\Kernel.php(153): Illuminate\\Foundation\\Console\\Kernel->bootstrap()
#22 Command line code(1): Illuminate\\Foundation\\Console\\Kernel->handle(Object(Symfony\\Component\\Console\\Input\\ArgvInput), Object(Symfony\\Component\\Console\\Output\\ConsoleOutput))
#23 {main}
"} 
[2025-04-30 16:45:53] local.ERROR: Please provide a valid cache path. {"exception":"[object] (InvalidArgumentException(code: 0): Please provide a valid cache path. at D:\\xampp\\htdocs\\Cars_ra\\vendor\\laravel\\framework\\src\\Illuminate\\View\\Compilers\\Compiler.php:66)
[stacktrace]
#0 D:\\xampp\\htdocs\\Cars_ra\\vendor\\laravel\\framework\\src\\Illuminate\\View\\ViewServiceProvider.php(96): Illuminate\\View\\Compilers\\Compiler->__construct(Object(Illuminate\\Filesystem\\Filesystem), false, '', true, 'php')
#1 D:\\xampp\\htdocs\\Cars_ra\\vendor\\laravel\\framework\\src\\Illuminate\\Container\\Container.php(885): Illuminate\\View\\ViewServiceProvider->Illuminate\\View\\{closure}(Object(Illuminate\\Foundation\\Application), Array)
#2 D:\\xampp\\htdocs\\Cars_ra\\vendor\\laravel\\framework\\src\\Illuminate\\Container\\Container.php(770): Illuminate\\Container\\Container->build(Object(Closure))
#3 D:\\xampp\\htdocs\\Cars_ra\\vendor\\laravel\\framework\\src\\Illuminate\\Foundation\\Application.php(881): Illuminate\\Container\\Container->resolve('blade.compiler', Array, true)
#4 D:\\xampp\\htdocs\\Cars_ra\\vendor\\laravel\\framework\\src\\Illuminate\\Container\\Container.php(706): Illuminate\\Foundation\\Application->resolve('blade.compiler', Array)
#5 D:\\xampp\\htdocs\\Cars_ra\\vendor\\laravel\\framework\\src\\Illuminate\\Foundation\\Application.php(866): Illuminate\\Container\\Container->make('blade.compiler', Array)
#6 D:\\xampp\\htdocs\\Cars_ra\\vendor\\laravel\\framework\\src\\Illuminate\\Container\\Container.php(1431): Illuminate\\Foundation\\Application->make('blade.compiler')
#7 D:\\xampp\\htdocs\\Cars_ra\\vendor\\livewire\\livewire\\src\\LivewireServiceProvider.php(276): Illuminate\\Container\\Container->offsetGet('blade.compiler')
#8 D:\\xampp\\htdocs\\Cars_ra\\vendor\\livewire\\livewire\\src\\LivewireServiceProvider.php(79): Livewire\\LivewireServiceProvider->registerTagCompiler()
#9 D:\\xampp\\htdocs\\Cars_ra\\vendor\\laravel\\framework\\src\\Illuminate\\Container\\BoundMethod.php(36): Livewire\\LivewireServiceProvider->boot()
#10 D:\\xampp\\htdocs\\Cars_ra\\vendor\\laravel\\framework\\src\\Illuminate\\Container\\Util.php(41): Illuminate\\Container\\BoundMethod::Illuminate\\Container\\{closure}()
#11 D:\\xampp\\htdocs\\Cars_ra\\vendor\\laravel\\framework\\src\\Illuminate\\Container\\BoundMethod.php(93): Illuminate\\Container\\Util::unwrapIfClosure(Object(Closure))
#12 D:\\xampp\\htdocs\\Cars_ra\\vendor\\laravel\\framework\\src\\Illuminate\\Container\\BoundMethod.php(35): Illuminate\\Container\\BoundMethod::callBoundMethod(Object(Illuminate\\Foundation\\Application), Array, Object(Closure))
#13 D:\\xampp\\htdocs\\Cars_ra\\vendor\\laravel\\framework\\src\\Illuminate\\Container\\Container.php(661): Illuminate\\Container\\BoundMethod::call(Object(Illuminate\\Foundation\\Application), Array, Array, NULL)
#14 D:\\xampp\\htdocs\\Cars_ra\\vendor\\laravel\\framework\\src\\Illuminate\\Foundation\\Application.php(954): Illuminate\\Container\\Container->call(Array)
#15 D:\\xampp\\htdocs\\Cars_ra\\vendor\\laravel\\framework\\src\\Illuminate\\Foundation\\Application.php(935): Illuminate\\Foundation\\Application->bootProvider(Object(Livewire\\LivewireServiceProvider))
#16 [internal function]: Illuminate\\Foundation\\Application->Illuminate\\Foundation\\{closure}(Object(Livewire\\LivewireServiceProvider), 22)
#17 D:\\xampp\\htdocs\\Cars_ra\\vendor\\laravel\\framework\\src\\Illuminate\\Foundation\\Application.php(934): array_walk(Array, Object(Closure))
#18 D:\\xampp\\htdocs\\Cars_ra\\vendor\\laravel\\framework\\src\\Illuminate\\Foundation\\Bootstrap\\BootProviders.php(17): Illuminate\\Foundation\\Application->boot()
#19 D:\\xampp\\htdocs\\Cars_ra\\vendor\\laravel\\framework\\src\\Illuminate\\Foundation\\Application.php(265): Illuminate\\Foundation\\Bootstrap\\BootProviders->bootstrap(Object(Illuminate\\Foundation\\Application))
#20 D:\\xampp\\htdocs\\Cars_ra\\vendor\\laravel\\framework\\src\\Illuminate\\Foundation\\Console\\Kernel.php(383): Illuminate\\Foundation\\Application->bootstrapWith(Array)
#21 D:\\xampp\\htdocs\\Cars_ra\\vendor\\laravel\\framework\\src\\Illuminate\\Foundation\\Console\\Kernel.php(153): Illuminate\\Foundation\\Console\\Kernel->bootstrap()
#22 Command line code(1): Illuminate\\Foundation\\Console\\Kernel->handle(Object(Symfony\\Component\\Console\\Input\\ArgvInput), Object(Symfony\\Component\\Console\\Output\\ConsoleOutput))
#23 {main}
"} 
[2025-04-30 16:45:53] local.ERROR: Please provide a valid cache path. {"exception":"[object] (InvalidArgumentException(code: 0): Please provide a valid cache path. at D:\\xampp\\htdocs\\Cars_ra\\vendor\\laravel\\framework\\src\\Illuminate\\View\\Compilers\\Compiler.php:66)
[stacktrace]
#0 D:\\xampp\\htdocs\\Cars_ra\\vendor\\laravel\\framework\\src\\Illuminate\\View\\ViewServiceProvider.php(96): Illuminate\\View\\Compilers\\Compiler->__construct(Object(Illuminate\\Filesystem\\Filesystem), false, '', true, 'php')
#1 D:\\xampp\\htdocs\\Cars_ra\\vendor\\laravel\\framework\\src\\Illuminate\\Container\\Container.php(885): Illuminate\\View\\ViewServiceProvider->Illuminate\\View\\{closure}(Object(Illuminate\\Foundation\\Application), Array)
#2 D:\\xampp\\htdocs\\Cars_ra\\vendor\\laravel\\framework\\src\\Illuminate\\Container\\Container.php(770): Illuminate\\Container\\Container->build(Object(Closure))
#3 D:\\xampp\\htdocs\\Cars_ra\\vendor\\laravel\\framework\\src\\Illuminate\\Foundation\\Application.php(881): Illuminate\\Container\\Container->resolve('blade.compiler', Array, true)
#4 D:\\xampp\\htdocs\\Cars_ra\\vendor\\laravel\\framework\\src\\Illuminate\\Container\\Container.php(706): Illuminate\\Foundation\\Application->resolve('blade.compiler', Array)
#5 D:\\xampp\\htdocs\\Cars_ra\\vendor\\laravel\\framework\\src\\Illuminate\\Foundation\\Application.php(866): Illuminate\\Container\\Container->make('blade.compiler', Array)
#6 D:\\xampp\\htdocs\\Cars_ra\\vendor\\laravel\\framework\\src\\Illuminate\\Container\\Container.php(1431): Illuminate\\Foundation\\Application->make('blade.compiler')
#7 D:\\xampp\\htdocs\\Cars_ra\\vendor\\livewire\\livewire\\src\\LivewireServiceProvider.php(276): Illuminate\\Container\\Container->offsetGet('blade.compiler')
#8 D:\\xampp\\htdocs\\Cars_ra\\vendor\\livewire\\livewire\\src\\LivewireServiceProvider.php(79): Livewire\\LivewireServiceProvider->registerTagCompiler()
#9 D:\\xampp\\htdocs\\Cars_ra\\vendor\\laravel\\framework\\src\\Illuminate\\Container\\BoundMethod.php(36): Livewire\\LivewireServiceProvider->boot()
#10 D:\\xampp\\htdocs\\Cars_ra\\vendor\\laravel\\framework\\src\\Illuminate\\Container\\Util.php(41): Illuminate\\Container\\BoundMethod::Illuminate\\Container\\{closure}()
#11 D:\\xampp\\htdocs\\Cars_ra\\vendor\\laravel\\framework\\src\\Illuminate\\Container\\BoundMethod.php(93): Illuminate\\Container\\Util::unwrapIfClosure(Object(Closure))
#12 D:\\xampp\\htdocs\\Cars_ra\\vendor\\laravel\\framework\\src\\Illuminate\\Container\\BoundMethod.php(35): Illuminate\\Container\\BoundMethod::callBoundMethod(Object(Illuminate\\Foundation\\Application), Array, Object(Closure))
#13 D:\\xampp\\htdocs\\Cars_ra\\vendor\\laravel\\framework\\src\\Illuminate\\Container\\Container.php(661): Illuminate\\Container\\BoundMethod::call(Object(Illuminate\\Foundation\\Application), Array, Array, NULL)
#14 D:\\xampp\\htdocs\\Cars_ra\\vendor\\laravel\\framework\\src\\Illuminate\\Foundation\\Application.php(954): Illuminate\\Container\\Container->call(Array)
#15 D:\\xampp\\htdocs\\Cars_ra\\vendor\\laravel\\framework\\src\\Illuminate\\Foundation\\Application.php(935): Illuminate\\Foundation\\Application->bootProvider(Object(Livewire\\LivewireServiceProvider))
#16 [internal function]: Illuminate\\Foundation\\Application->Illuminate\\Foundation\\{closure}(Object(Livewire\\LivewireServiceProvider), 22)
#17 D:\\xampp\\htdocs\\Cars_ra\\vendor\\laravel\\framework\\src\\Illuminate\\Foundation\\Application.php(934): array_walk(Array, Object(Closure))
#18 D:\\xampp\\htdocs\\Cars_ra\\vendor\\laravel\\framework\\src\\Illuminate\\Foundation\\Bootstrap\\BootProviders.php(17): Illuminate\\Foundation\\Application->boot()
#19 D:\\xampp\\htdocs\\Cars_ra\\vendor\\laravel\\framework\\src\\Illuminate\\Foundation\\Application.php(265): Illuminate\\Foundation\\Bootstrap\\BootProviders->bootstrap(Object(Illuminate\\Foundation\\Application))
#20 D:\\xampp\\htdocs\\Cars_ra\\vendor\\laravel\\framework\\src\\Illuminate\\Foundation\\Console\\Kernel.php(383): Illuminate\\Foundation\\Application->bootstrapWith(Array)
#21 D:\\xampp\\htdocs\\Cars_ra\\vendor\\laravel\\framework\\src\\Illuminate\\Foundation\\Console\\Kernel.php(153): Illuminate\\Foundation\\Console\\Kernel->bootstrap()
#22 Command line code(1): Illuminate\\Foundation\\Console\\Kernel->handle(Object(Symfony\\Component\\Console\\Input\\ArgvInput), Object(Symfony\\Component\\Console\\Output\\ConsoleOutput))
#23 {main}
"} 
[2025-04-30 16:45:53] local.ERROR: Uncaught InvalidArgumentException: Please provide a valid cache path. in D:\xampp\htdocs\Cars_ra\vendor\laravel\framework\src\Illuminate\View\Compilers\Compiler.php:66
Stack trace:
#0 D:\xampp\htdocs\Cars_ra\vendor\laravel\framework\src\Illuminate\View\ViewServiceProvider.php(96): Illuminate\View\Compilers\Compiler->__construct(Object(Illuminate\Filesystem\Filesystem), false, '', true, 'php')
#1 D:\xampp\htdocs\Cars_ra\vendor\laravel\framework\src\Illuminate\Container\Container.php(885): Illuminate\View\ViewServiceProvider->Illuminate\View\{closure}(Object(Illuminate\Foundation\Application), Array)
#2 D:\xampp\htdocs\Cars_ra\vendor\laravel\framework\src\Illuminate\Container\Container.php(770): Illuminate\Container\Container->build(Object(Closure))
#3 D:\xampp\htdocs\Cars_ra\vendor\laravel\framework\src\Illuminate\Foundation\Application.php(881): Illuminate\Container\Container->resolve('blade.compiler', Array, true)
#4 D:\xampp\htdocs\Cars_ra\vendor\laravel\framework\src\Illuminate\Container\Container.php(706): Illuminate\Foundation\Application->resolve('blade.compiler', Array)
#5 D:\xampp\htdocs\Cars_ra\vendor\laravel\framework\src\Illuminate\Foundation\Application.php(866): Illuminate\Container\Container->make('blade.compiler', Array)
#6 D:\xampp\htdocs\Cars_ra\vendor\laravel\framework\src\Illuminate\Foundation\helpers.php(120): Illuminate\Foundation\Application->make('blade.compiler', Array)
#7 Command line code(1): app('Illuminate\\View...')
#8 {main}
  thrown {"exception":"[object] (Symfony\\Component\\ErrorHandler\\Error\\FatalError(code: 0): Uncaught InvalidArgumentException: Please provide a valid cache path. in D:\\xampp\\htdocs\\Cars_ra\\vendor\\laravel\\framework\\src\\Illuminate\\View\\Compilers\\Compiler.php:66
Stack trace:
#0 D:\\xampp\\htdocs\\Cars_ra\\vendor\\laravel\\framework\\src\\Illuminate\\View\\ViewServiceProvider.php(96): Illuminate\\View\\Compilers\\Compiler->__construct(Object(Illuminate\\Filesystem\\Filesystem), false, '', true, 'php')
#1 D:\\xampp\\htdocs\\Cars_ra\\vendor\\laravel\\framework\\src\\Illuminate\\Container\\Container.php(885): Illuminate\\View\\ViewServiceProvider->Illuminate\\View\\{closure}(Object(Illuminate\\Foundation\\Application), Array)
#2 D:\\xampp\\htdocs\\Cars_ra\\vendor\\laravel\\framework\\src\\Illuminate\\Container\\Container.php(770): Illuminate\\Container\\Container->build(Object(Closure))
#3 D:\\xampp\\htdocs\\Cars_ra\\vendor\\laravel\\framework\\src\\Illuminate\\Foundation\\Application.php(881): Illuminate\\Container\\Container->resolve('blade.compiler', Array, true)
#4 D:\\xampp\\htdocs\\Cars_ra\\vendor\\laravel\\framework\\src\\Illuminate\\Container\\Container.php(706): Illuminate\\Foundation\\Application->resolve('blade.compiler', Array)
#5 D:\\xampp\\htdocs\\Cars_ra\\vendor\\laravel\\framework\\src\\Illuminate\\Foundation\\Application.php(866): Illuminate\\Container\\Container->make('blade.compiler', Array)
#6 D:\\xampp\\htdocs\\Cars_ra\\vendor\\laravel\\framework\\src\\Illuminate\\Foundation\\helpers.php(120): Illuminate\\Foundation\\Application->make('blade.compiler', Array)
#7 Command line code(1): app('Illuminate\\\\View...')
#8 {main}
  thrown at D:\\xampp\\htdocs\\Cars_ra\\vendor\\laravel\\framework\\src\\Illuminate\\View\\Compilers\\Compiler.php:66)
[stacktrace]
#0 {main}
"} 
[2025-05-01 08:13:08] local.ERROR: Uncaught ReflectionException: Class "Spatie\permission\Middleware\PermissionMiddleware" does not exist in Command line code:1
Stack trace:
#0 Command line code(1): ReflectionMethod->__construct('Spatie\\permissi...', 'handle')
#1 {main}
  thrown {"exception":"[object] (Symfony\\Component\\ErrorHandler\\Error\\FatalError(code: 0): Uncaught ReflectionException: Class \"Spatie\\permission\\Middleware\\PermissionMiddleware\" does not exist in Command line code:1
Stack trace:
#0 Command line code(1): ReflectionMethod->__construct('Spatie\\\\permissi...', 'handle')
#1 {main}
  thrown at Command line code:1)
[stacktrace]
#0 {main}
"} 
[2025-05-01 08:13:09] local.ERROR: Uncaught ReflectionException: Class "Spatie\permission\Middleware\PermissionMiddleware" does not exist in Command line code:1
Stack trace:
#0 Command line code(1): ReflectionMethod->__construct('Spatie\\permissi...', 'handle')
#1 {main}
  thrown {"exception":"[object] (Symfony\\Component\\ErrorHandler\\Error\\FatalError(code: 0): Uncaught ReflectionException: Class \"Spatie\\permission\\Middleware\\PermissionMiddleware\" does not exist in Command line code:1
Stack trace:
#0 Command line code(1): ReflectionMethod->__construct('Spatie\\\\permissi...', 'handle')
#1 {main}
  thrown at Command line code:1)
[stacktrace]
#0 {main}
"} 
